State_FIPS_Code,CHSI_County_Name,CHSI_State_Name,CHSI_State_Abbr,Population_Size,Stroke,No_Exercise,Few_Fruit_Veg,Obesity,High_Blood_Pres,Smoker,Diabetes,CHD
1,Baldwin,Alabama,AL,162586,48.7,27.2,76.2,23.6,30.5,24.6,7.2,156.5
1,Calhoun,Alabama,AL,112141,79.2,29.2,81.9,27,33.2,25.5,11.2,189.3
1,Chilton,Alabama,AL,41744,70.3,30.3,82.8,31.2,26.5,30,6,188.1
1,Cullman,Alabama,AL,79886,71.1,29.4,76.2,22.2,35,27.6,10,203.6
1,DeKalb,Alabama,AL,67271,58.6,37,80.7,24.3,35.3,19.1,7.8,171.9
1,Elmore,Alabama,AL,73937,60.4,27.7,85,24.8,23,22.6,5.5,138.8
1,Houston,Alabama,AL,94249,55.8,32.9,77.7,29.5,34,25,8.8,152.8
1,Jefferson,Alabama,AL,657229,80.7,29,79.1,27.1,31.9,23.4,9.7,145.6
1,Lauderdale,Alabama,AL,87691,71.5,25.8,77.1,23.8,34.7,21.1,6.7,133.4
1,Lee,Alabama,AL,123254,75.1,25.9,74.9,21.7,24.5,27.1,7.8,164.7
1,Madison,Alabama,AL,298192,60,22.9,75.6,23.1,24.9,21.3,6.5,114.2
1,Marshall,Alabama,AL,85634,84.7,34.8,82.1,27.5,36.8,31.6,7.2,151.9
1,Mobile,Alabama,AL,401427,60.9,30.8,76.2,26.6,27.2,25.1,6.6,186.8
1,Montgomery,Alabama,AL,221619,56.2,28.2,75.6,23.9,27.8,20.7,8.5,171.6
1,Morgan,Alabama,AL,113740,59.5,23.4,74.5,22.5,32.7,28.9,6.7,127.1
1,Shelby,Alabama,AL,171465,67.1,18.9,78.3,20.8,26.7,21,4.8,146.8
1,Tuscaloosa,Alabama,AL,168908,70.5,27.1,79,25.3,29.7,23.8,7.9,161.6
4,Cochise,Arizona,AZ,126106,45.9,22.8,72.7,23.8,26,20.2,9.1,174.6
4,Coconino,Arizona,AZ,123866,54.9,14.8,71,16.5,17.2,19.6,4.2,114.8
4,Gila,Arizona,AZ,51663,50.6,32.7,74.2,24.5,34.5,25.6,8.8,144.3
4,Graham,Arizona,AZ,33073,54.7,25.8,79.4,23.8,24.9,16.1,10.9,149.6
4,Maricopa,Arizona,AZ,3635528,47,23.3,74.7,19.9,21.4,19.9,6.3,170.9
4,Mohave,Arizona,AZ,187200,51,27.9,77.6,25,30.6,29.4,7.5,183.9
4,Navajo,Arizona,AZ,108432,58.8,23.7,75.4,25.1,27.1,19.8,8.8,140.6
4,Pima,Arizona,AZ,924786,48.1,20.9,70.7,19.7,23.8,18.7,6.6,146.7
4,Pinal,Arizona,AZ,229549,42.3,26.9,73.8,26.7,28.3,21.8,10.6,153.7
4,Yavapai,Arizona,AZ,198701,52.2,23.4,69.3,16,28.5,21.9,5.7,134.4
4,Yuma,Arizona,AZ,181277,34.5,26.7,73.5,25.7,26.8,16.2,9.2,106.2
5,Baxter,Arkansas,AR,40330,77,24.9,71.9,22.7,33.8,25.4,10.2,156.9
5,Benton,Arkansas,AR,186938,49.7,22.3,77.4,21.5,25.4,21.4,5.8,222.5
5,Boone,Arkansas,AR,35793,68.3,31.4,77.9,23.7,30.4,25.1,6.7,221.1
5,Clark,Arkansas,AR,22916,74.9,30,75,20.8,27.3,16.2,6.3,230.8
5,Crawford,Arkansas,AR,57630,68.4,27.5,82.6,21.1,27.5,27.5,5.8,258.6
5,Crittenden,Arkansas,AR,51882,75.5,29.1,83,30,33.6,25,11.5,262.9
5,Faulkner,Arkansas,AR,97147,79.9,24.4,78.6,23.6,22.9,19.8,4.8,98.2
5,Franklin,Arkansas,AR,18218,69.9,28.7,85.3,27.4,17.5,31.7,4.7,214.1
5,Garland,Arkansas,AR,93551,70.4,25,76,22.3,33.3,28.3,8,137.2
5,Greene,Arkansas,AR,39401,65.6,31.7,82.5,29.5,34.8,31.7,9.9,268.1
5,Hot Spring,Arkansas,AR,31264,78,32.2,79.4,28.1,35.5,22.1,9.3,186.2
5,Independence,Arkansas,AR,34737,67.5,30.8,78.8,26.9,31.6,26,7.2,196.8
5,Jefferson,Arkansas,AR,81700,74.6,29.1,81.8,27.4,34,23.3,9.8,246.4
5,Lonoke,Arkansas,AR,60658,86.4,27.8,81.5,23.2,21.1,29.5,6.3,165.2
5,Marion,Arkansas,AR,16735,60.1,30.3,76.4,23.1,26.1,28.4,8.3,155.5
5,Miller,Arkansas,AR,43162,71.4,34,80.5,31,27.5,28.1,9.7,150.4
5,Polk,Arkansas,AR,20176,43.7,30.2,74.5,24.8,32.4,21.9,7.9,267
5,Pope,Arkansas,AR,56580,71.8,23.2,81.2,28.4,29.8,26.6,6.5,182
5,Pulaski,Arkansas,AR,366463,76.8,23.6,76.1,22.3,28.9,21,6.7,162.2
5,Saline,Arkansas,AR,91188,74.9,23.7,77.9,24.2,24.1,23.5,7.5,161.4
5,Sebastian,Arkansas,AR,118750,55.9,28,75.8,26.4,32.1,20.5,7.1,227.2
5,Washington,Arkansas,AR,180357,66.8,21.9,77.6,18.6,24.6,21.4,5.5,150.1
5,Yell,Arkansas,AR,21391,87.4,31.6,81,25.5,21,27.9,8.9,256.1
6,Alameda,California,CA,1448905,63.7,20.7,69.3,18.4,21.4,15.6,5.3,161.2
6,Butte,California,CA,214185,62.5,25.8,78.8,23.7,26.7,17,4.3,174
6,Contra Costa,California,CA,1017787,61.5,21,72.8,21.6,23.7,14.2,5.4,152.5
6,Fresno,California,CA,877584,67.1,25.8,74.3,27.7,25.1,14.6,7.4,192.4
6,Kern,California,CA,756825,61.9,30.4,76.3,26.5,27.5,21.4,9,268.9
6,Los Angeles,California,CA,9935475,54.1,27.3,71.6,21.3,24.2,16.7,6.7,210.6
6,Monterey,California,CA,412104,59.6,30.4,72.2,24.4,20.7,17,4.7,144.4
6,Orange,California,CA,2988072,56,18.5,74.3,17.7,20,14.4,4.2,177.7
6,Riverside,California,CA,1946419,60,28,72.2,23.4,24.9,16.3,6.8,219.3
6,Sacramento,California,CA,1363482,69.5,18.4,73.3,20.8,25.3,17.2,6.4,193.1
6,San Bernardino,California,CA,1963535,60.7,28.6,77.2,25.7,26.4,17.8,7.8,241.3
6,San Diego,California,CA,2933462,58.3,22.5,73.2,20.3,24.7,14.6,5.6,164.6
6,Santa Barbara,California,CA,400762,54.3,20.4,71.5,17.4,28.5,12.9,5.7,152.4
6,Solano,California,CA,411593,69.8,18.6,72,20.9,21.9,17.2,6.4,160.1
6,Sonoma,California,CA,466477,64.9,18.2,72.5,20.7,17.1,16.6,6.3,141.9
6,Stanislaus,California,CA,505505,60.6,28.2,74.6,25.4,24.6,18.7,10,246.3
6,Tulare,California,CA,410874,66,34.9,73.3,24.9,22.4,18.6,9.7,188
6,Ventura,California,CA,796106,52.1,21.5,72.9,19.5,27.7,16.1,7,158.6
8,Adams,Colorado,CO,399426,52.5,25,78.1,22.2,22,24.1,6.6,157.2
8,Alamosa,Colorado,CO,15282,71.2,19.3,83.9,18.2,19,17.5,5.5,175.6
8,Arapahoe,Colorado,CO,529090,47.6,17.6,77.1,17.2,19.9,19.9,5.1,117.8
8,Delta,Colorado,CO,29947,47.1,24.5,75.8,17.8,26.9,21.8,7.4,138.7
8,Denver,Colorado,CO,557917,47,22.8,76.1,16.2,20.8,21.1,5.2,136
8,El Paso,Colorado,CO,565582,84.8,17.1,78.1,18,18.9,20.2,4,119.8
8,Logan,Colorado,CO,20719,54.1,25.7,81,25.3,22.6,31.6,6.2,196.8
8,Mesa,Colorado,CO,129872,52.7,17.9,76.8,18.3,24.1,20.4,3.9,154.5
8,Montrose,Colorado,CO,37482,52,28.6,76.8,18,21.3,21.4,4.2,131.4
8,Morgan,Colorado,CO,27995,51.5,34.4,77.4,25.6,21.9,24.4,4.2,125
8,Pueblo,Colorado,CO,151322,58.7,22.7,78.8,22.6,28.8,24.2,9,113.5
8,Weld,Colorado,CO,228943,57.8,24.5,78.4,22,20.3,17.7,4.8,133.6
9,Fairfield,Connecticut,CT,902775,43.9,20.6,70.3,16.3,24,16.4,5.1,153.1
9,Hartford,Connecticut,CT,877393,43,21.1,70.6,19.2,25.2,18.3,6.3,147
9,Litchfield,Connecticut,CT,190071,43.3,19.4,69.2,17.7,23.7,18.2,5.8,135
9,Middlesex,Connecticut,CT,163214,52.8,18,73.5,18.8,25.2,18.3,5.2,131.2
9,New Haven,Connecticut,CT,846766,46.2,25.4,70.5,21,25.4,20.1,7.3,144.3
9,New London,Connecticut,CT,266618,55.1,20.3,72,19.3,25.3,21.3,6.6,149.7
9,Tolland,Connecticut,CT,147634,42.8,17.8,73.3,18.7,20.2,18.7,4.2,155.3
9,Windham,Connecticut,CT,115826,55.7,24.9,71.2,23.5,29.8,24.2,7.4,188
10,Kent,Delaware,DE,143968,53.1,26.9,80.4,25.2,28.6,24.6,8.5,217.2
10,New Castle,Delaware,DE,523008,51.6,23,78.2,20.5,25.8,22.1,6.6,186
10,Sussex,Delaware,DE,176548,42.9,27.9,78.9,24.5,32.5,24.7,8.9,184.5
12,Alachua,Florida,FL,223852,65.7,23.3,73.7,17.5,23.1,22,7.1,125.1
12,Bay,Florida,FL,161558,52.7,23.7,76.6,20.5,22.4,24.7,6.9,204.2
12,Brevard,Florida,FL,531250,47.5,23.7,76.4,20.3,31.5,27.8,8.8,183.1
12,Broward,Florida,FL,1777638,45.6,25.8,70.3,18.8,24.8,18.4,7.1,181.6
12,Clay,Florida,FL,171095,67.8,21.4,75.6,20.6,21.8,28.9,7.9,222.4
12,Duval,Florida,FL,826436,66.6,24.2,77.6,24.4,29.4,21,6.5,196.8
12,Escambia,Florida,FL,296772,83.9,27.9,72.7,27,33.3,26.5,8.4,177.5
12,Hernando,Florida,FL,158409,48.6,29.9,71.5,21.5,26.3,24.3,10.3,193.5
12,Hillsborough,Florida,FL,1132152,58.9,25.5,77.1,21.9,22.8,24.1,8,213.4
12,Indian River,Florida,FL,128594,65.8,19.7,71.1,19,28,22.3,7.4,157.1
12,Lake,Florida,FL,277035,52,23,72.2,21.4,34.4,24.4,7.8,174
12,Lee,Florida,FL,544758,36,27.4,75.8,18.7,30.9,26.6,9.8,168.9
12,Leon,Florida,FL,245756,68.9,20.6,77.4,16.2,19.6,20.1,4.6,140.1
12,Manatee,Florida,FL,306779,39,26.9,69.7,18.4,31.1,21.5,8.2,178.7
12,Marion,Florida,FL,303442,48.7,26.1,76.1,23.7,35,25.2,9.4,204.8
12,Miami-Dade,Florida,FL,2376014,40.1,34.6,79,19,24.2,17.6,8.1,216.2
12,Monroe,Florida,FL,76329,44,21.2,73.1,20,26.3,26.4,7.2,129.7
12,Okaloosa,Florida,FL,182172,56.4,19.3,73.3,20.7,28.5,22,7.6,185.4
12,Orange,Florida,FL,1023023,51.6,25.9,78.3,19.5,23.6,19.8,7.2,190.3
12,Osceola,Florida,FL,231578,47.6,29,77.6,22.2,19.7,23,7.3,188.8
12,Palm Beach,Florida,FL,1268548,36.9,23.4,69.9,18.3,27.8,20.1,7.8,161.3
12,Pasco,Florida,FL,429065,42,24.9,76.3,23.1,34.8,23.6,8.1,190.8
12,Pinellas,Florida,FL,928032,43.3,24.2,72,19,28.4,22.5,8.5,171.7
12,Polk,Florida,FL,542912,41,32.9,75.2,27.9,29.2,22.2,9.2,216.6
12,Putnam,Florida,FL,73568,57.3,29.6,80.9,30.5,32.4,27,11.6,189.9
12,St. Johns,Florida,FL,161525,43.8,22.2,76.4,16.8,27.3,20.1,6.4,116.4
12,St. Lucie,Florida,FL,241305,37.9,25,76.2,23,34.7,28.3,10.4,185.1
12,Santa Rosa,Florida,FL,143105,59.6,24.6,75.6,19.3,24.6,27.3,4.8,168
12,Sarasota,Florida,FL,366256,37.1,21.6,72.7,18,28.5,20,6.4,130.4
12,Seminole,Florida,FL,401619,56.9,19.4,78.9,16.3,24.8,23.3,6.3,207.8
12,Volusia,Florida,FL,490055,54.9,27.2,75.3,21.9,31,29.1,9.2,172
12,Walton,Florida,FL,50324,48.8,28.9,74.8,19.5,32.2,25.2,8.8,268.5
13,Barrow,Georgia,GA,59954,75.5,30.6,78.3,25.1,29.9,32.7,8.9,164.7
13,Bartow,Georgia,GA,89229,58.5,26,79.5,30.8,27.7,29.3,10.2,170.7
13,Bibb,Georgia,GA,154918,77.6,29,76.3,23.9,28.8,25,10.6,178.5
13,Bulloch,Georgia,GA,61454,83.1,24.9,80.2,26.4,27.8,22.3,7.9,106.5
13,Camden,Georgia,GA,45759,42.4,17.5,77.3,29.4,21.3,27.2,5.9,166.6
13,Chatham,Georgia,GA,238410,57.2,26.2,75.6,21.3,26.1,20.9,9.2,145.3
13,Cherokee,Georgia,GA,184211,65.4,19,76.6,19.5,21.1,21,6.9,150.6
13,Clarke,Georgia,GA,104439,74.6,23.8,73.5,25,24.1,16.7,6.6,164.5
13,Clayton,Georgia,GA,267966,47,26.8,82.1,26,27,23.6,5.8,189.3
13,Cobb,Georgia,GA,663818,55.1,17.2,73.9,19.5,23.6,16.5,5.8,122.6
13,Columbia,Georgia,GA,103812,62.2,20.7,77.3,20.6,21.1,19.7,5.7,148.2
13,Coweta,Georgia,GA,109903,77.2,28,74.3,24.7,23.9,18.9,8,145.6
13,DeKalb,Georgia,GA,677959,57.2,22.7,72.8,21.7,22.4,16.4,5.3,121.6
13,Dougherty,Georgia,GA,94882,80.1,34.4,81.4,26.6,32.3,24.1,9.7,153.8
13,Douglas,Georgia,GA,112760,65.5,23.8,85.6,24.8,17.9,20.2,7.3,172.7
13,Effingham,Georgia,GA,46924,63.1,32.1,80.4,26.8,21.3,25.6,11.5,217.9
13,Floyd,Georgia,GA,94198,60,30.1,79.2,30.3,34.4,22.6,11.1,196.3
13,Forsyth,Georgia,GA,140393,61.8,16.3,73.3,16.2,20.3,17.6,3.7,155
13,Fulton,Georgia,GA,915623,56.4,21,74,21.3,22.5,16.8,5,152.2
13,Glynn,Georgia,GA,71874,64.8,24.2,73.4,27.8,23.4,23.5,11,137.2
13,Gwinnett,Georgia,GA,726273,57.6,22.7,76.3,19.2,20.2,19.8,5.5,115.6
13,Habersham,Georgia,GA,39603,64,31.2,74.5,20.8,26.6,25,6.5,169.9
13,Hall,Georgia,GA,165771,76.3,28.2,75.7,24.8,27.4,20.9,7.9,153.1
13,Henry,Georgia,GA,167848,60.6,19.5,79.1,25.8,20.4,21.6,7.5,164.9
13,Houston,Georgia,GA,126163,66,21.7,81.2,24,33.3,25,9.7,145.1
13,Laurens,Georgia,GA,46896,86.6,31.3,82.5,28.8,32.4,22.3,8.4,223.2
13,Lee,Georgia,GA,31099,71.1,18.3,82.3,19.1,17.9,22.2,6.4,157
13,Lowndes,Georgia,GA,96705,86.5,27.7,76.6,24,33,24.1,9.6,160.4
13,Muscogee,Georgia,GA,185271,69.5,25.3,78.2,25.1,32.2,22.1,6.7,208.8
13,Oconee,Georgia,GA,29748,70.4,24.8,75.4,15.6,18,16.5,5.3,166.8
13,Paulding,Georgia,GA,112411,64.9,28.7,78.3,23.1,22.1,27.6,6.6,148.5
13,Richmond,Georgia,GA,195769,72.5,30.6,77.8,27.7,28.7,27.3,9.3,174.1
13,Tift,Georgia,GA,40793,72.9,33.3,79.8,30.3,28.8,17.5,9.7,176.3
13,Walton,Georgia,GA,75647,79.2,26.4,76.8,27,26.1,25.9,6,236.4
13,Whitfield,Georgia,GA,90889,73.3,32.8,77.3,24.6,28.3,32,8,167.7
15,Hawaii,Hawaii,HI,167293,76.8,20.2,75.9,19.6,23.9,21.1,6.8,130.8
15,Honolulu,Hawaii,HI,905266,54.5,19,77.1,17.8,23.9,18,6.9,98.3
15,Kauai,Hawaii,HI,62640,49.7,17.3,77,17.4,26.2,20.7,7,127.4
15,Maui,Hawaii,HI,139884,51.8,19.9,75,17.7,21.4,20.8,5.9,106.6
16,Ada,Idaho,ID,344727,53.1,15.5,77,18.5,21.6,18.1,5.1,131.6
16,Bannock,Idaho,ID,78155,75.3,17.5,80,23.7,22.1,18,7,184.9
16,Bear Lake,Idaho,ID,6176,67.8,26,79.3,24.7,27.8,18.2,7.1,157.2
16,Benewah,Idaho,ID,9218,76,24.8,81.6,28.3,30.7,27.8,6,178.8
16,Bingham,Idaho,ID,43739,45.7,22.9,78.4,25.8,23.1,16.6,8.2,159.7
16,Bonneville,Idaho,ID,91856,60.1,18.4,81.1,21.1,21.4,15.5,7.1,159.5
16,Boundary,Idaho,ID,10619,55.7,21.2,76.8,20,18.3,22.4,4.9,140
16,Canyon,Idaho,ID,164593,63.7,22.7,80.3,23.9,21.6,20,7.5,146.3
16,Caribou,Idaho,ID,7131,68.7,24.5,78.5,22.5,22,17.8,9.7,138
16,Cassia,Idaho,ID,21324,67.5,24.6,76,21.5,21.1,17.5,6.6,166.6
16,Clearwater,Idaho,ID,8373,74.5,21.3,77.4,22.5,35.3,24.2,8.5,154.6
16,Elmore,Idaho,ID,28634,73.3,21.8,81.1,26.7,29.1,23.9,4.5,171.1
16,Gem,Idaho,ID,16273,70.4,23.4,77.4,26,30,25.2,8.6,144.4
16,Gooding,Idaho,ID,14461,76,29.7,82.1,26,31.9,22.5,8.6,173.4
16,Idaho,Idaho,ID,15697,67.1,26.3,75.8,20.1,28.9,18.2,4.9,153.3
16,Jerome,Idaho,ID,19638,61.1,27.3,78.4,22.3,23.3,25.1,7.7,169.1
16,Kootenai,Idaho,ID,127668,71.8,18.1,79,20.9,22.8,20.9,6.2,141.3
16,Latah,Idaho,ID,34714,58.1,13.5,77.6,16.5,19.6,14.3,4,130.6
16,Lemhi,Idaho,ID,7909,56.3,20.8,73.5,22.6,23.8,25.2,6.5,153.7
16,Minidoka,Idaho,ID,19014,60.6,26.6,79.7,25.9,25.1,16.9,5.3,169.7
16,Nez Perce,Idaho,ID,37931,61.5,21.3,78.2,24.6,28.7,22.9,7.2,123.3
16,Owyhee,Idaho,ID,11073,73.1,34.1,84.9,29.4,33.2,26.6,3.9,132.7
16,Payette,Idaho,ID,22197,50.6,23.7,78.3,26.7,34.5,23,8.2,221.7
16,Power,Idaho,ID,7753,68.1,26.3,74.7,28.7,25.6,17.3,5.7,164.8
16,Twin Falls,Idaho,ID,69419,52.8,24.2,77.1,21.8,27.5,22.9,5.7,141.5
16,Washington,Idaho,ID,10098,47.6,27.7,75.7,29,28.5,22,8.4,225.3
17,Adams,Illinois,IL,67040,51.2,29,77.5,26.3,26.1,21.6,7.8,174.6
17,Champaign,Illinois,IL,184905,48.8,22.4,70.9,19,21.1,20.3,5.8,130.3
17,Cook,Illinois,IL,5303683,53.4,27.8,76.8,22,23,21.4,7.1,202.1
17,DeKalb,Illinois,IL,97665,51.1,20.4,79.4,23.5,19.3,21.6,5,164.2
17,DuPage,Illinois,IL,929113,55.2,21.7,71.5,17.4,19.5,18.9,5.2,144.1
17,Kane,Illinois,IL,482113,59.9,26.9,81.5,22.6,20.4,17.9,5.6,150.4
17,Kankakee,Illinois,IL,107972,70.3,22.5,75.2,28.1,25.4,22.1,7.5,236.3
17,Knox,Illinois,IL,53309,72.6,22.7,76.6,22.4,26.2,24.8,9.7,191.7
17,Lake,Illinois,IL,702682,60,20.9,74.9,20.8,22.1,19.6,5.3,160.5
17,La Salle,Illinois,IL,112604,49.7,27.9,72.2,24.1,29.1,29,8.2,192.1
17,McHenry,Illinois,IL,303990,55.7,21.1,73,21.3,19.1,22.3,4.9,157.6
17,McLean,Illinois,IL,159013,58.4,19.4,79.2,20.9,19,19.4,6.1,164.1
17,Macon,Illinois,IL,110167,76.1,25.7,75.3,23.7,24.2,29.2,8.4,132.5
17,Madison,Illinois,IL,264309,59.7,24.3,77.8,28,23.6,24.7,7.1,188.6
17,Ogle,Illinois,IL,54290,65.1,20,80.6,27.2,24.1,23.4,7.9,137.9
17,Peoria,Illinois,IL,182328,77.9,28.7,84.8,24.1,23.5,24.1,7.4,152.4
17,Rock Island,Illinois,IL,147808,59.4,24.3,76.1,26.1,27.9,25.5,8.5,167.2
17,St. Clair,Illinois,IL,260067,56.4,30.9,81,29.7,31.6,22.7,9.2,182.4
17,Sangamon,Illinois,IL,192789,56.5,25.5,73.4,24,27.9,19.8,11,148.3
17,Tazewell,Illinois,IL,129999,62,23.4,82.3,21.3,23.6,28.2,6.1,151.6
17,Vermilion,Illinois,IL,82344,63.6,31.2,84.3,31.8,29.2,26,9,187.9
17,Will,Illinois,IL,642813,53.5,23.9,83.1,23.6,22,23.2,5.2,197.4
17,Winnebago,Illinois,IL,288695,58.6,25.3,76.3,25.8,27.5,26.2,9.3,170.2
18,Allen,Indiana,IN,344006,51.5,21.4,79.6,23.8,25.4,23.6,5.9,148.8
18,Bartholomew,Indiana,IN,73540,67.7,22.9,80.8,21.1,20.2,23,5.2,173.1
18,Boone,Indiana,IN,52061,54.5,23.7,74.4,23.1,29.9,20.2,6.1,148.5
18,Cass,Indiana,IN,40130,62.4,29.4,77.4,21.1,19.7,28.5,4.1,198
18,Clark,Indiana,IN,101592,81.4,26.3,79.9,22.2,28.6,29.5,8.7,218.1
18,De Kalb,Indiana,IN,41659,71.4,24.3,74.9,28.1,20.2,22.7,6.1,188.3
18,Delaware,Indiana,IN,116362,61.5,21.5,76.1,28.3,25.3,25,8.8,170.7
18,Dubois,Indiana,IN,40858,67.6,25,82.3,19.9,23.7,16.8,6.2,188.6
18,Elkhart,Indiana,IN,195362,62.8,26.2,77,25.2,27.7,23.2,5.5,175.1
18,Floyd,Indiana,IN,71997,80,24.1,76.8,21.9,26.4,25.7,6.3,208.7
18,Hamilton,Indiana,IN,240685,57.6,16.4,76.3,20,18.6,16.9,4.8,109.2
18,Hancock,Indiana,IN,63138,55.5,24.3,82.7,20.7,18.8,20.5,6.5,184.4
18,Harrison,Indiana,IN,36827,58.7,28,82.8,28.9,18.6,26.7,7.7,219.1
18,Hendricks,Indiana,IN,127483,43.4,22.1,74.1,23.4,26.1,23.8,5.2,156.1
18,Howard,Indiana,IN,84977,72.4,23.6,79.1,25.8,28.6,24.3,9.2,192.7
18,Johnson,Indiana,IN,128436,59.6,25.4,81.6,22.5,23.7,27,6.3,198.4
18,Kosciusko,Indiana,IN,76072,57.5,24.4,73.3,24,28.7,27,8.2,166.8
18,Lake,Indiana,IN,493297,55.7,29.2,79,28.7,27.5,27.7,8.1,192.5
18,La Porte,Indiana,IN,110512,48.2,28.3,79.8,25.6,30.5,26.6,8,175.4
18,Lawrence,Indiana,IN,46403,66.7,34,80.7,28.7,31.7,29.1,11.5,200.5
18,Madison,Indiana,IN,130412,70.9,28.3,77.8,27.1,30.1,29.4,8.4,174.5
18,Marion,Indiana,IN,863133,57.5,26.3,78.4,24.3,25.4,28,7.5,172.4
18,Marshall,Indiana,IN,46945,68.2,27.7,70.3,26,20.4,26.8,5.7,182.6
18,Miami,Indiana,IN,35620,53.4,23.9,79,27.6,27.7,30.6,9,204
18,Monroe,Indiana,IN,121407,54.9,18.2,80.8,18.7,23.5,26.1,7.3,139.5
18,Montgomery,Indiana,IN,38239,64.2,29.3,76.4,23.3,22.9,32.5,7.8,182.3
18,Morgan,Indiana,IN,69778,66.9,27.1,78.7,26.5,26.3,28.6,6.5,215.2
18,Noble,Indiana,IN,47448,65.1,31.9,79.9,30,26.5,23.7,8.6,209.4
18,Porter,Indiana,IN,157772,51.1,24.3,73.9,24,22.2,27.5,5.6,143.4
18,Posey,Indiana,IN,26852,69.6,26.5,78.3,20.6,19,22.5,10.9,159.9
18,St. Joseph,Indiana,IN,266160,60.9,26.2,75.5,22.8,26.7,25.3,8.1,158.3
18,Tippecanoe,Indiana,IN,153875,59.3,21.1,77.9,20.7,19.6,24,5,162.6
18,Vanderburgh,Indiana,IN,173187,54.3,24,80.8,27.3,27.5,28.6,9,171.9
18,Vigo,Indiana,IN,102592,62,27.5,84.6,25.3,36.5,28.5,10.8,244.3
18,Warrick,Indiana,IN,56362,66.3,24.8,74.4,27.1,30.6,18.1,7,225.4
18,Wayne,Indiana,IN,69192,61.4,29.3,79.1,26.6,25.9,27.5,9,193.9
19,Adair,Iowa,IA,7859,50.7,25,81.6,28,25.9,22.9,6.1,192.4
19,Benton,Iowa,IA,27000,41.5,29.7,81.5,25.7,28.2,25.5,5.4,230.7
19,Black Hawk,Iowa,IA,125891,65.2,22.9,78.7,23.5,24.7,19.3,6.6,156.2
19,Boone,Iowa,IA,26602,56,26,80.3,23.2,24.8,25.8,6.2,232.3
19,Bremer,Iowa,IA,23677,55.2,19,74.9,20.2,22,19.2,3.6,201.8
19,Buchanan,Iowa,IA,21019,54.3,32.1,81.5,29.7,24.1,22.3,4.6,226.7
19,Buena Vista,Iowa,IA,20151,50.4,21.2,75,25.1,29.8,20.6,10.9,191.6
19,Calhoun,Iowa,IA,10443,62.6,22,81.7,21.2,31.7,19.5,4.3,194
19,Carroll,Iowa,IA,21034,54.8,25.7,83.5,20.9,23.2,17.7,6.2,164.5
19,Cass,Iowa,IA,14219,66.6,24.3,75.3,23.3,28,20.4,8.4,191.9
19,Cedar,Iowa,IA,18254,70.5,26.3,75.6,25.2,26.4,23.5,7.1,169.4
19,Cerro Gordo,Iowa,IA,44645,74.9,21.5,82.2,24.4,23.5,21.1,6.1,200.6
19,Cherokee,Iowa,IA,12237,57.9,24.3,79.5,21.3,27.2,13.8,5.7,224.3
19,Chickasaw,Iowa,IA,12563,49.9,29.6,85.9,26.9,22.8,23.2,6.1,258.5
19,Clarke,Iowa,IA,9161,54.1,28.3,85.8,24.8,30.9,24.8,9.5,209.3
19,Clay,Iowa,IA,16897,56.4,18.4,83.8,23.4,28.2,19.2,5.3,171.7
19,Clayton,Iowa,IA,18337,70.5,23,76.9,26,25.6,18.4,5.4,173.4
19,Dallas,Iowa,IA,51762,55.7,23.4,76.6,18.8,22.5,15.6,6,186.6
19,Delaware,Iowa,IA,18025,52.1,23,80.2,22.7,29.3,19.9,5.8,173
19,Des Moines,Iowa,IA,40810,60,28.3,78,24.8,28.5,18.3,7,187.8
19,Dickinson,Iowa,IA,16687,54.6,19.7,74.2,25,24.3,19.9,6.4,198.5
19,Dubuque,Iowa,IA,91631,65.8,19.4,79.5,25.1,24.4,16.3,6.1,196.1
19,Fayette,Iowa,IA,21298,61.1,33,85.5,22.8,23,26.6,6.3,198.1
19,Floyd,Iowa,IA,16443,53.9,29.4,72.4,31.6,27.3,21.1,7.9,225.1
19,Franklin,Iowa,IA,10732,63.2,25.5,80.8,20.7,20.4,16.5,6,226.1
19,Fremont,Iowa,IA,7759,81.3,32.4,85.2,32.5,33.7,24,6.3,188
19,Hamilton,Iowa,IA,16209,34.3,31.8,80.3,26.7,27.5,23.4,11,198.1
19,Hancock,Iowa,IA,11786,61.1,22.3,81.7,21.9,26.1,22.1,9.1,221.1
19,Hardin,Iowa,IA,18003,54.7,26.4,81.4,27.5,27.7,22.8,8.4,224.7
19,Henry,Iowa,IA,20246,75.5,27.6,76.8,31,25,18.4,8.4,216.9
19,Iowa,Iowa,IA,16055,71.8,31.9,76.6,28.7,25.1,21.3,8.2,169.5
19,Jackson,Iowa,IA,20335,53.9,24.4,81.2,23.4,24.2,18,8.8,214.2
19,Jasper,Iowa,IA,37674,46.7,25.4,85,28.7,24.8,21.9,8.1,177.3
19,Kossuth,Iowa,IA,16142,63.1,27.8,75.2,22.5,23.1,18.9,4.3,162.8
19,Lee,Iowa,IA,36705,58.1,27.8,85.3,23.2,22.1,30.2,8.8,183.2
19,Linn,Iowa,IA,198903,50.1,19.9,81.9,21.5,23.5,20.7,6.2,137.9
19,Lyon,Iowa,IA,11750,62.7,21.7,79.8,17.6,25.1,18.5,4.8,192.1
19,Madison,Iowa,IA,15158,57.2,28.1,79.4,26.1,20.1,20.3,3.8,152.8
19,Marion,Iowa,IA,32984,55.6,25.4,81.4,22.7,28,25.8,7.2,169
19,Marshall,Iowa,IA,39418,56,28.7,81.5,27.9,25.4,25.9,6.9,225.5
19,Mills,Iowa,IA,15284,45.6,22.5,75.6,22.6,26.2,29.5,6,247
19,Muscatine,Iowa,IA,42756,70.2,26.7,82.9,25.6,23.2,22.8,5.7,186.3
19,O'Brien,Iowa,IA,14414,51.3,24.1,82.8,25.7,25.8,23.3,3.7,178
19,Page,Iowa,IA,16253,60.4,27.8,79.8,24.5,30.5,28.3,5.1,202.3
19,Plymouth,Iowa,IA,24958,57,21.6,85.4,20.3,21.1,21.2,7.5,212.2
19,Polk,Iowa,IA,401006,51.3,21.3,82.8,22.8,21.8,24,6.5,198.3
19,Pottawattamie,Iowa,IA,89738,61,26.3,82.5,26.8,28,28,8.3,231.2
19,Poweshiek,Iowa,IA,18925,77.6,23.5,79.4,26,33.8,23,7.3,188.2
19,Sac,Iowa,IA,10621,72.2,28,81.2,23.8,26.1,22,4.9,193.7
19,Scott,Iowa,IA,160998,71,20.1,81.3,20.5,23.7,23.7,6.9,153.8
19,Sioux,Iowa,IA,32277,47.3,21.5,83.5,17.6,16.5,15.8,4.3,128.6
19,Tama,Iowa,IA,17919,52.1,22.8,80.1,25.6,23.9,23.3,5.2,198.1
19,Taylor,Iowa,IA,6614,51,29,85.8,27.3,26.2,26.2,10.6,192.8
19,Wapello,Iowa,IA,35965,54.9,27.6,79.8,24.8,27.2,23.9,6.2,211.2
19,Warren,Iowa,IA,42981,71.8,21.1,81.7,26,26.8,20.4,6.1,182.3
19,Washington,Iowa,IA,21457,47.7,22.4,82.7,25.3,23.4,21.8,4.2,183.7
19,Webster,Iowa,IA,39003,56.8,28.2,83,26,31.5,24.4,9.8,222.3
19,Winnebago,Iowa,IA,11351,70.7,18.2,76.4,25.6,23.8,15.7,7.7,194.7
19,Winneshiek,Iowa,IA,21234,51.1,29.3,78.3,19.5,19.2,13.4,4.6,149.8
19,Woodbury,Iowa,IA,102605,55.8,26.1,82.9,23,23.9,28.6,4.6,172.4
19,Wright,Iowa,IA,13647,56.7,29,81.2,19.3,25.2,25.7,6.4,163
20,Barton,Kansas,KS,28105,56.2,26.5,80.8,27,31.4,22.9,8.2,146.6
20,Butler,Kansas,KS,62354,82.9,22.8,81.3,25.7,21.1,21.7,6.7,145.4
20,Cowley,Kansas,KS,35298,61.7,32.8,82.6,29.2,30.4,23.4,8.4,157.1
20,Crawford,Kansas,KS,38222,71.9,23.8,81.2,23.6,24.1,24.8,7,246.2
20,Dickinson,Kansas,KS,19209,69.7,29.2,78.4,27,28.9,23.8,5.8,198.9
20,Finney,Kansas,KS,38988,50.8,36.3,84,23.1,25.1,20.8,5.5,175.6
20,Ford,Kansas,KS,33751,81.4,27.9,83,24.9,23,18.2,5.9,170.5
20,Franklin,Kansas,KS,26247,83,28.4,82.1,27.2,35,23.5,5.5,154.3
20,Geary,Kansas,KS,24585,78.2,17.6,80.8,16.7,20.7,24.8,6.5,161.4
20,Jefferson,Kansas,KS,19106,46.6,26.3,83.5,25.1,21.9,22.6,6.1,153.7
20,Johnson,Kansas,KS,506562,55,16.7,79.4,17.4,18.9,16.6,4.8,101.6
20,Leavenworth,Kansas,KS,73113,58.5,21.5,78.8,20.8,24.2,21.6,5.8,183.7
20,Lyon,Kansas,KS,35609,47.8,27.2,79.4,24.4,18.5,19.6,7,136.2
20,McPherson,Kansas,KS,29523,80.9,24.6,77.8,23.4,30.2,13.5,6.1,150.6
20,Miami,Kansas,KS,30496,43.5,25.2,76.1,27.3,21.5,21.6,6.9,213.5
20,Montgomery,Kansas,KS,34570,58.7,30.5,80.8,28,29.3,27.1,9.1,171.4
20,Neosho,Kansas,KS,16529,64.8,32.7,81.9,24.7,28.9,19.2,9.4,177.2
20,Pottawatomie,Kansas,KS,19129,82.5,22.9,73.2,19.5,19.3,19.3,5,162.8
20,Reno,Kansas,KS,63558,67.5,25,79.6,25.2,24.1,22.7,6.4,125.6
20,Saline,Kansas,KS,53919,65.7,23,75.8,21.7,21.5,23.9,4.9,160.9
20,Sedgwick,Kansas,KS,466061,58.7,24.6,79.9,24.5,24,22.9,6.8,142.2
20,Seward,Kansas,KS,23274,46.4,30.7,83.3,21.2,23.2,20.2,7,197.4
20,Shawnee,Kansas,KS,172365,60.1,25.5,80.9,26,24,19.6,6.7,170
20,Sumner,Kansas,KS,24797,66.6,26.4,78.1,29.7,27.3,19.5,8.6,173.7
20,Wyandotte,Kansas,KS,155750,70.8,37.3,83.1,27.4,26.5,28.2,7.7,148.6
21,Barren,Kentucky,KY,40073,61.7,34.3,78.5,25.5,29.8,30.1,7.5,197.8
21,Boone,Kentucky,KY,106272,66.7,21.9,81.3,25,25.1,21,5.2,179
21,Calloway,Kentucky,KY,35122,54.4,26.4,78.6,18.1,28.4,27.9,6.5,198.2
21,Campbell,Kentucky,KY,87251,73,27.8,85.6,23.9,22,25.6,6.9,187
21,Daviess,Kentucky,KY,93060,67.6,30.1,78.5,22.6,28.9,29.8,7.5,162.7
21,Fayette,Kentucky,KY,268080,58.5,23.8,75.9,20.8,22.3,23,5.9,180
21,Fleming,Kentucky,KY,14610,69.9,37.1,83.7,28.3,28.1,32.2,7.2,225.6
21,Franklin,Kentucky,KY,48207,68.3,27.8,76.9,23.4,25.9,24,7.5,187.5
21,Graves,Kentucky,KY,37625,64.6,33.1,78.8,25.1,30.5,32.6,8.5,209.1
21,Hardin,Kentucky,KY,96947,63,28.6,78.7,24.6,28.2,29.9,7.8,146.8
21,Henderson,Kentucky,KY,45573,75.1,31.3,79.6,22.3,28.4,32.6,5.8,224.6
21,Hopkins,Kentucky,KY,46705,75.4,32.7,83.4,30.5,29.7,30.6,8,225
21,Jefferson,Kentucky,KY,699827,61.5,26.8,81,25.5,26.4,26.7,7.6,168.5
21,Kenton,Kentucky,KY,153665,55.9,24,79.9,23.6,27.8,32.7,7.3,164.3
21,McCracken,Kentucky,KY,64698,66.5,33.8,79.2,25.7,34.5,25.9,9.6,244
21,Madison,Kentucky,KY,77749,63.1,28.7,82,23.6,25.9,28.9,4.7,121.4
21,Marshall,Kentucky,KY,30967,80.1,26.4,74.6,22.6,31.9,26.1,6.4,191.8
21,Mason,Kentucky,KY,17140,81.2,37.5,79.4,21.1,31.6,30.1,7.6,265
21,Montgomery,Kentucky,KY,24256,60.5,38.3,82.9,30.1,30.3,32.4,9.8,223.4
21,Nelson,Kentucky,KY,41088,76.4,30,82.6,26,27,30.1,6.2,163.7
21,Pulaski,Kentucky,KY,59200,54.7,32.3,80.7,24.1,32,30.1,8.9,182.2
21,Rowan,Kentucky,KY,22226,82.2,29.7,79.5,25.1,25.7,27,6.5,177.1
21,Taylor,Kentucky,KY,23754,72.4,37.3,80,18.8,33.2,32.4,6.8,198.3
21,Warren,Kentucky,KY,98960,76.7,28,75,22.6,23.5,27.1,7.7,179.5
21,Wayne,Kentucky,KY,20352,45,36.4,83.1,28.3,31.4,33.3,8.6,244.9
21,Webster,Kentucky,KY,14161,64.1,32.1,82,31.6,19.7,24.6,6.6,215.2
22,Ascension,Louisiana,LA,90501,62.1,28.6,81.1,20.3,22.7,25.2,8.7,232.9
22,Beauregard,Louisiana,LA,34562,84.7,35.5,79.9,26.2,35,25.8,10.1,212.9
22,Bossier,Louisiana,LA,105541,58,28.9,82.7,21.5,28.9,27.8,7.6,209.8
22,Caddo,Louisiana,LA,251309,62.4,31.5,81,27,32.1,21.9,7.7,196.1
22,Calcasieu,Louisiana,LA,185419,61.6,32.1,79.4,26.4,27,25.5,7.2,240.7
22,East Baton Rouge,Louisiana,LA,411417,54.7,27.7,82.5,22.8,27.2,20.4,6.1,192.6
22,Iberia,Louisiana,LA,74388,53.3,32.7,85.4,27.6,31.8,25.1,11.2,196.8
22,Jefferson,Louisiana,LA,452824,61.5,30.5,82.2,24.8,28.1,21.1,7.4,177
22,Lafayette,Louisiana,LA,197390,59.2,25.6,82.3,21.8,24.4,23.4,7,168.9
22,Lafourche,Louisiana,LA,92179,55.7,38.1,84.8,28,32.9,26.3,9.2,185.2
22,Livingston,Louisiana,LA,109206,60.1,32.9,82.7,25.1,30,31.1,7.7,117.1
22,Natchitoches,Louisiana,LA,38541,72.3,34.8,82.7,28,28.1,21,8.9,211.2
22,Orleans,Louisiana,LA,454863,70.1,32.1,80,25.6,29.6,21.5,9.1,174.2
22,Ouachita,Louisiana,LA,148237,58.2,35.7,83.2,25.8,24,25.6,6.5,105.8
22,Rapides,Louisiana,LA,128462,76.1,33.2,84.8,24.5,30.5,26.3,7.8,210.9
22,St. Charles,Louisiana,LA,50633,59.7,28.3,81.7,32.6,26.7,21.2,9.3,219.9
22,St. John the Baptist,Louisiana,LA,46393,76.6,34.9,78.7,24.6,34.2,23.5,10,197.2
22,St. Mary,Louisiana,LA,51416,67.8,34.1,80.1,30.7,33.5,27.6,8.2,199.7
22,St. Tammany,Louisiana,LA,220295,58.9,23.2,81.8,22.7,22.7,24.2,7,156
22,Tangipahoa,Louisiana,LA,106502,77.1,33.1,84.3,28.5,24.7,24,7.8,257.6
22,Vermilion,Louisiana,LA,55195,59.4,35.4,83.5,25.5,27.1,23.2,11,217.3
22,Vernon,Louisiana,LA,48745,47.4,27.3,79.2,23,23.9,32.1,5.1,193
23,Androscoggin,Maine,ME,108039,53.2,25.8,75.2,24.6,25.1,24.7,6.7,150.6
23,Aroostook,Maine,ME,73240,57.8,30.4,74.3,25.4,24.6,24.3,10,209.3
23,Cumberland,Maine,ME,274950,46.5,17,68.6,16.6,20.3,18.9,5.6,120.7
23,Franklin,Maine,ME,29704,62.1,18.6,68.9,22,24.6,20.1,9.3,136.9
23,Hancock,Maine,ME,53660,59.9,21.3,68.5,17.7,25.1,22.5,5.8,179.1
23,Kennebec,Maine,ME,120986,54.5,22.8,76,24.7,23.4,21.9,7.1,150.9
23,Knox,Maine,ME,41219,59.8,20.7,68.9,21,21,19.3,6.8,169.5
23,Oxford,Maine,ME,56628,53.6,26.3,71.9,23,24.3,27,7.4,154.6
23,Penobscot,Maine,ME,147068,64,23.7,76.9,22.6,23.5,24.5,8.5,164.4
23,Piscataquis,Maine,ME,17674,49,24,71.1,24.2,23.4,28.1,7.2,195.7
23,Sagadahoc,Maine,ME,36962,63.2,19.4,74.8,19.9,23.1,18.8,5.6,146.1
23,Somerset,Maine,ME,51667,54.5,30.7,76.7,23.2,29.8,26.5,9.8,184.9
23,Waldo,Maine,ME,38705,62.7,23.7,73.4,25.9,24.2,22.4,7,186.1
23,Washington,Maine,ME,33448,68.8,32.9,72.5,25,32.4,27.5,6.6,191.7
23,York,Maine,ME,202315,49.7,22.3,71.4,20.7,24.2,21.8,6.9,148.3
24,Allegany,Maryland,MD,73639,61.5,28.2,75.2,25.2,32.9,25.3,8.8,236.3
24,Anne Arundel,Maryland,MD,510878,59.8,20.1,71.5,23.3,28.2,22.4,7.5,182.5
24,Baltimore,Maryland,MD,786113,61.4,23.4,72,20.8,26.2,22.2,6.5,180.5
24,Calvert,Maryland,MD,87925,61.4,20.4,70.3,22.4,27.1,20.2,5.7,188.1
24,Caroline,Maryland,MD,31822,66.5,34.1,78.7,27.3,32.6,26.6,8.8,182.4
24,Carroll,Maryland,MD,168541,55.4,20.6,70.6,19.3,27.4,20.8,5.8,188.6
24,Cecil,Maryland,MD,97796,46.7,27,73.4,25.8,26,27.2,6.4,228.9
24,Charles,Maryland,MD,138822,50.4,22.4,75.2,26.5,23.8,21.1,4.9,203.8
24,Dorchester,Maryland,MD,31401,50.3,31.3,70.5,26.4,29,25.1,9.7,241.1
24,Frederick,Maryland,MD,220701,67.7,20.9,70.9,21.4,21.3,20,6,197.9
24,Garrett,Maryland,MD,29909,57.8,28.6,74.3,25.6,25.9,18.4,8.6,224.7
24,Harford,Maryland,MD,239259,60.1,22.2,72.5,22.3,25.6,20.4,7.2,211
24,Howard,Maryland,MD,269457,56.5,15.5,73.5,16.4,19.8,13.7,4.5,139.6
24,Prince George's,Maryland,MD,846123,56,24.6,72.1,25.5,26.2,17.8,8.3,217.8
24,Queen Anne's,Maryland,MD,45612,62.1,25.1,74.1,21.9,30.1,19.4,6.7,156.8
24,St. Mary's,Maryland,MD,96518,57.9,21.8,73,25.6,25.1,21.1,6.1,208
24,Talbot,Maryland,MD,35683,73,22.2,73.5,20,30.1,18,9,157.5
24,Washington,Maryland,MD,141895,52.9,27.2,73,22.4,29.4,23.3,7.4,207.3
24,Wicomico,Maryland,MD,90402,50.4,25,70.2,25,28.4,24,8.3,235.6
24,Baltimore City,Maryland,MD,635815,67.6,28.6,72.9,28,29.5,27.8,9.6,254.5
25,Berkshire,Massachusetts,MA,131868,46.4,21.4,68.8,19.8,23.3,21.8,6.8,136.1
25,Bristol,Massachusetts,MA,546331,48.9,26.6,76.4,23.2,27.7,24,7,179.5
25,Essex,Massachusetts,MA,738301,49,23.9,70.2,18.7,23.8,18.7,6.1,141.9
25,Franklin,Massachusetts,MA,72334,63.7,19.8,69.9,22.8,29.4,21.6,5.4,132.7
25,Hampden,Massachusetts,MA,461591,45.2,27.2,72.9,21.7,25.9,22,8.1,145.3
25,Middlesex,Massachusetts,MA,1459011,47.9,18.7,69.3,15.5,21.7,15.1,5.2,129
25,Norfolk,Massachusetts,MA,653595,41,18.6,70.1,15.4,23.8,15.9,5,123.5
25,Plymouth,Massachusetts,MA,492409,46.4,21.6,73,20.1,25.8,21.6,7.1,150
25,Suffolk,Massachusetts,MA,654428,44.5,26.4,72.8,17.8,20.6,19.8,5.6,139.8
25,Worcester,Massachusetts,MA,783262,52.5,23.8,71.5,21.9,24.4,21,6.3,140.4
26,Allegan,Michigan,MI,113174,54.6,19.9,82.5,22.5,23.5,27.7,6.7,172.3
26,Barry,Michigan,MI,59892,63.6,20.1,81.4,23.4,30.1,25.6,9,157.8
26,Bay,Michigan,MI,109029,41.1,23.3,80.9,27.1,32.6,19.9,9.2,218.2
26,Berrien,Michigan,MI,162611,78.8,24,76.7,24.6,36,24.5,6,165.1
26,Calhoun,Michigan,MI,139191,68,25.6,76.7,27.8,32.5,30.6,10,204.4
26,Clinton,Michigan,MI,69329,86.6,21.7,78.5,25.8,26.5,19.2,7.8,148.6
26,Eaton,Michigan,MI,107394,50.1,18.8,77.6,25.3,28.5,26.4,5.7,156.9
26,Genesee,Michigan,MI,443883,76.3,25,78.8,26.6,27.8,26.1,8.7,220.8
26,Grand Traverse,Michigan,MI,83971,45.1,17.1,79.5,21.7,20.9,27.5,4.5,140.8
26,Gratiot,Michigan,MI,42345,81.5,20.7,81.5,28.8,23.9,29.8,9.6,236.4
26,Ingham,Michigan,MI,278592,58.7,21.3,77,23.7,24,23.2,6.9,145.7
26,Ionia,Michigan,MI,64608,60.9,24.6,82,23.8,22.8,28.2,9,167.2
26,Jackson,Michigan,MI,163629,61.4,20,76.7,26.5,30.1,24.1,9.3,178.7
26,Kalamazoo,Michigan,MI,240536,58.4,18.7,74.3,20.8,23.6,17.9,6,143.5
26,Kent,Michigan,MI,596666,51.6,19.1,78.6,21.5,23.9,21.8,6.6,162.5
26,Lapeer,Michigan,MI,93361,62,25.1,77.7,24.6,18.3,28.8,7.2,221.4
26,Lenawee,Michigan,MI,102033,66.9,25.7,78.8,26.1,30,20.8,9,190.1
26,Macomb,Michigan,MI,829453,51.6,23.3,79.9,23.3,26.4,24.7,7.1,215.2
26,Marquette,Michigan,MI,64760,67.4,21,69.7,22,25.1,18,7.4,222.9
26,Midland,Michigan,MI,84064,55.8,17,73.7,23.1,22.3,20.7,8.7,182.9
26,Monroe,Michigan,MI,153935,56.3,21.8,84,26,30.7,24.4,7.1,211.5
26,Muskegon,Michigan,MI,175554,55.2,25.4,79.3,24.9,24.6,30.7,8.7,203
26,Oakland,Michigan,MI,1214361,50.4,18.5,75.4,21.3,26.5,18.9,7,183.9
26,Ottawa,Michigan,MI,255406,45.4,16.5,78,19.5,26.7,17.9,5.6,124.2
26,Saginaw,Michigan,MI,208356,56.2,25.7,81.3,31.8,30.2,21.9,9.5,183
26,St. Clair,Michigan,MI,171426,46.2,20.9,79.4,25.2,30.8,31.1,7.3,215.1
26,Shiawassee,Michigan,MI,72945,64,26.5,83.8,25.8,26.3,24.2,7.4,187
26,Van Buren,Michigan,MI,78812,56,25.7,79.5,23.8,26.5,23.3,6.4,180.7
26,Washtenaw,Michigan,MI,341847,57.6,16.4,69.7,20.3,19.6,14.8,5.4,151.3
26,Wayne,Michigan,MI,1998217,54.2,27.9,78.4,29.2,30.3,26.3,9.8,265.8
27,Anoka,Minnesota,MN,323996,45.3,17,79.5,24.6,20.2,23.9,5.7,102.4
27,Blue Earth,Minnesota,MN,58030,55.4,15.4,78.5,23.2,24.2,21.2,5.5,127
27,Cass,Minnesota,MN,28910,47.3,18.8,75.2,26.8,34.2,22.2,7.6,143.8
27,Chisago,Minnesota,MN,49400,55.6,17.3,85.3,24.6,22.6,26.3,5.2,119.7
27,Clay,Minnesota,MN,53838,51.2,20.5,81.6,22.5,21.2,20.6,3.9,134.8
27,Crow Wing,Minnesota,MN,59917,48.3,22.7,79.8,23.4,34.6,21.6,7.2,124.7
27,Dakota,Minnesota,MN,383592,51.9,14.5,77.1,21,19.6,17.9,5,98.5
27,Douglas,Minnesota,MN,35138,49.9,17.2,76.8,20.9,22.2,18.3,7.3,135.8
27,Freeborn,Minnesota,MN,31946,61.7,21.3,81.7,24.1,29.6,25.7,6.9,138.8
27,Goodhue,Minnesota,MN,45585,50.9,14.2,73.4,20.6,25.8,26.3,3.4,118.7
27,Kandiyohi,Minnesota,MN,41199,50.6,17.5,80.3,25.2,27.9,23.3,6.6,111.8
27,McLeod,Minnesota,MN,36636,68.5,16.4,77.3,25.4,25.9,18.2,6.3,112.5
27,Morrison,Minnesota,MN,32788,51.2,20.1,72,24.2,22.7,23.8,7,129.5
27,Mower,Minnesota,MN,38799,45.9,14.7,72.7,25.8,31.3,18.7,5.9,106.7
27,Olmsted,Minnesota,MN,135189,37.7,14.1,70,21.9,21.4,14.6,3.5,109.3
27,Otter Tail,Minnesota,MN,57658,55.6,23.9,85.9,23.5,31.4,19.8,5.5,129.5
27,Ramsey,Minnesota,MN,494920,51.2,17.6,73.6,21.3,21.2,20.6,4.7,92
27,Rice,Minnesota,MN,60949,52.3,15.4,75.7,24.6,27.4,23.9,5.2,118.1
27,St. Louis,Minnesota,MN,197179,55.6,16.9,76.4,18.5,24.2,21.5,6,127.5
27,Scott,Minnesota,MN,119825,72,13.9,77.5,21,17,16.1,3.5,123.5
27,Sherburne,Minnesota,MN,81752,58.6,20.4,76,24.1,19.6,17.3,6.2,130.3
27,Stearns,Minnesota,MN,142654,42.1,16.1,77.1,18.9,18.9,18.5,3.9,95.7
27,Steele,Minnesota,MN,35755,52.3,21.7,74.4,16.3,20.5,17.2,4.8,129.9
27,Washington,Minnesota,MN,220426,54.5,15.1,73.9,20.2,22.2,20.2,4.6,97.8
27,Winona,Minnesota,MN,49276,47.4,21.4,72.8,21.5,25.9,17.4,4.6,150.9
28,DeSoto,Mississippi,MS,137004,61,29.6,85.4,24.6,26.6,26.2,8,216.3
28,Forrest,Mississippi,MS,75095,76.5,31.1,82.1,28.1,29.6,22.2,6.6,224.4
28,Hancock,Mississippi,MS,46711,62,31.4,81.1,25.1,31.6,30.3,9.8,209.6
28,Hinds,Mississippi,MS,249345,61.2,31.9,81.5,26.1,29.7,21.6,9.2,194.3
28,Jackson,Mississippi,MS,135940,82.6,28.1,75.9,26.1,30.4,28.2,9.6,187.8
28,Jones,Mississippi,MS,66160,59.7,34.2,84.4,29.9,34.7,23,9.4,203.8
28,Lafayette,Mississippi,MS,40842,54.3,20.4,82.3,22.3,24.2,21.9,6.8,176.6
28,Lamar,Mississippi,MS,44616,85.1,26,79.7,29.2,25.4,27.1,7.2,208.1
28,Lauderdale,Mississippi,MS,77218,60.1,27,78.6,26.5,33.4,24.5,8,240.3
28,Lee,Mississippi,MS,78793,85.3,33.1,77.5,25.5,35.7,19.7,9.8,135.8
28,Lowndes,Mississippi,MS,59895,59.6,30.4,80.6,24.3,28.2,23,10.6,93.8
28,Neshoba,Mississippi,MS,29905,74.3,36.8,81.9,26.8,30.7,26.2,8.6,216.8
28,Oktibbeha,Mississippi,MS,41247,68.7,24.4,82,21.9,21.3,20,6,116.1
28,Pearl River,Mississippi,MS,52659,56.5,29.7,83.2,28.1,29.7,31,9.1,201.2
28,Rankin,Mississippi,MS,131841,42.2,30.2,82.9,26.9,28.9,24.2,6.8,257.3
28,Simpson,Mississippi,MS,27944,81.2,32.7,84.4,27.6,32,24.7,11.1,231.1
29,Adair,Missouri,MO,24509,58.6,23.8,80.6,20.5,21.3,18.2,6.2,137.6
29,Andrew,Missouri,MO,16899,72.5,28.8,80.5,26,31.8,19.3,9.1,168.2
29,Boone,Missouri,MO,143326,63,21.7,78.1,19.8,18.6,25.4,3.7,139.2
29,Buchanan,Missouri,MO,84904,71,28.9,79.9,25.2,26.7,31.7,7.6,192.2
29,Callaway,Missouri,MO,42541,68.7,29.7,82,26.8,17.5,30.7,7.2,171.7
29,Camden,Missouri,MO,39432,50.9,26.8,75.3,24.4,24.9,27.1,6.6,187
29,Cape Girardeau,Missouri,MO,71161,64.3,25.7,80.9,24.5,26.9,20.1,8.1,235.2
29,Cass,Missouri,MO,94232,64.1,29.8,80.9,28.9,30.2,25.7,6,171.8
29,Christian,Missouri,MO,67266,75.1,23.5,76.3,21,19.6,23.9,4,156.8
29,Clay,Missouri,MO,202078,54.6,22.3,78.9,24.2,21.7,25.1,4.9,146.5
29,Cole,Missouri,MO,72757,54.2,19.1,80.2,20.9,24.6,22.5,5.9,161.1
29,Franklin,Missouri,MO,99090,72.1,26.7,72.7,25.6,24.3,29.9,5.6,235
29,Greene,Missouri,MO,250784,67.3,22.5,80.2,22.3,26.3,26.2,7,156
29,Howell,Missouri,MO,38400,86.2,31,82.5,21.2,34.5,22.5,7.5,235.3
29,Jackson,Missouri,MO,662959,57.7,24.7,78.9,24.6,25.8,25.8,7.8,168.1
29,Jasper,Missouri,MO,110624,64,29.9,85,25.2,24.1,27.1,8.1,258
29,Jefferson,Missouri,MO,213669,69.7,26.1,78.7,19.9,24,31.1,5.6,239.4
29,Johnson,Missouri,MO,50784,54.1,24.6,82.6,23.8,24.8,24.5,7,229.6
29,Laclede,Missouri,MO,34492,73.1,37.9,84.4,25.8,24.1,33.7,7.6,244.3
29,Macon,Missouri,MO,15600,53.1,27.5,75.6,25.8,25.5,23.4,8,215.1
29,Marion,Missouri,MO,28375,52.9,29.5,80.1,24.9,30.8,26.6,8,153.9
29,Newton,Missouri,MO,55554,67.2,25,81.4,26.5,21.4,24.2,6.1,209.2
29,Nodaway,Missouri,MO,21710,74.2,25.6,83,25.9,35,18,6.8,190.8
29,Pettis,Missouri,MO,40121,62.8,24.4,85.3,20.3,22.8,28.4,4.5,162.7
29,Phelps,Missouri,MO,42125,79.2,29.3,74.6,22,31.6,26.9,7.4,208.5
29,Platte,Missouri,MO,82085,48.2,22.2,78.9,24.5,17.7,20.6,5.6,161.6
29,St. Charles,Missouri,MO,329940,51,19.5,75.7,20.9,23.2,21,5.7,169.5
29,St. Louis,Missouri,MO,1004666,57.5,19.6,79.2,20.6,26.1,19.6,5.3,216
29,Scott,Missouri,MO,41143,74.1,37.2,83.8,27.8,26.4,29.6,6.8,199.9
29,Stoddard,Missouri,MO,29714,87.7,36,83.2,29.4,29.8,30,7.8,194.9
29,St. Louis City,Missouri,MO,344362,68.4,28.5,78.8,29.7,30.3,27,10.2,264.9
30,Big Horn,Montana,MT,13149,63.9,29.9,80.4,32.6,24.7,30.7,9.4,129.8
30,Blaine,Montana,MT,6629,66.2,27.5,80.5,26.5,28.6,33.7,8,161.3
30,Carbon,Montana,MT,9902,58.2,21.2,75.4,17.2,26.1,20.2,3.6,110.5
30,Cascade,Montana,MT,79569,53.8,20.9,77.8,21.9,29.6,18.5,6.5,112.5
30,Custer,Montana,MT,11267,56.7,24.9,74.3,18.9,26.1,22.2,5.8,156.8
30,Dawson,Montana,MT,8688,46.8,26.9,80.4,22.8,29,21.9,7.2,156.3
30,Deer Lodge,Montana,MT,8948,59.8,27.9,76.8,24.8,33.6,25.7,6.9,184.7
30,Fergus,Montana,MT,11551,65.4,23.5,74.1,24,22.5,16.2,6.5,128
30,Hill,Montana,MT,16304,54.9,22.5,76.7,24.3,25.7,26.2,6.2,185.9
30,Jefferson,Montana,MT,11170,76.9,18.1,80.1,15.3,21.8,21.7,5.4,166.6
30,Lake,Montana,MT,28297,59.8,22.3,75.8,20.8,24.3,23.6,5.6,141.8
30,Lewis and Clark,Montana,MT,58449,64.3,19.5,78.6,20.5,21.1,18.3,5.7,109.9
30,Lincoln,Montana,MT,19193,77.9,24.2,79.7,22.3,29,27.3,6.8,179.6
30,Musselshell,Montana,MT,4497,60.4,26.9,80.7,16.1,17.5,17.2,3.2,197.3
30,Richland,Montana,MT,9096,58.1,27.2,76.4,21.6,29.1,18.9,7.9,262
30,Rosebud,Montana,MT,9212,59.1,26.9,79.5,30.9,24.6,22.3,7.4,160.3
30,Sanders,Montana,MT,11057,61,26.3,75.7,21,19.9,19.3,8.7,193.9
30,Silver Bow,Montana,MT,32982,67,23.9,78.9,16.9,28.7,21.7,4.8,180.7
30,Stillwater,Montana,MT,8493,74.6,31.7,79.1,18.8,23.1,22.1,5.5,139.8
30,Teton,Montana,MT,6240,62.9,23.7,79.2,19.8,27.3,16.4,4,166.7
30,Valley,Montana,MT,7143,42.3,29.1,72.3,21.9,25.1,21.2,7.1,136.1
30,Yellowstone,Montana,MT,136691,59.2,21.8,78.9,21.4,25.2,21.1,5.5,114.1
31,Adams,Nebraska,NE,33070,50.4,22.7,81,24.4,27.4,21,5.5,111.6
31,Box Butte,Nebraska,NE,11374,50.1,22.7,80.3,28.1,21,27.8,5.8,232.1
31,Buffalo,Nebraska,NE,43572,60.9,23.1,82.1,24.8,21,20.4,4.3,103.7
31,Cass,Nebraska,NE,25734,63.7,25.1,84.2,26.6,23.2,24,7.5,151.1
31,Cheyenne,Nebraska,NE,9993,55.7,25.5,85.5,19.4,27.7,23.7,7.5,173.7
31,Clay,Nebraska,NE,6733,52.6,22.9,77.9,24.7,18.8,19.3,5.9,149.4
31,Custer,Nebraska,NE,11410,57.6,26.9,85.4,25.7,25.1,15.4,6.8,196
31,Dakota,Nebraska,NE,20349,78.2,37.3,84.3,26,22.7,28.4,8.8,185.2
31,Dawes,Nebraska,NE,8636,54.4,17.5,84,19.5,20.5,14.7,8.3,173.3
31,Dawson,Nebraska,NE,24617,51.5,27.5,80.6,23,21.4,24.4,5.9,134.8
31,Dodge,Nebraska,NE,36078,71.5,26.6,79,25.3,28.1,23.4,6.8,113.9
31,Douglas,Nebraska,NE,486929,56.9,22,82,22.2,21.5,22.8,6.1,123.1
31,Gage,Nebraska,NE,23306,54.6,26,84.3,25.8,27.6,22.7,7.7,129.3
31,Hall,Nebraska,NE,55104,56.3,27.5,82.9,24.8,23.6,22.3,6.3,100.1
31,Hamilton,Nebraska,NE,9568,43.8,29.5,77.7,27,23.3,16.5,6,120.4
31,Holt,Nebraska,NE,10784,50,30.8,83.2,24.4,19.6,17.1,5,120.3
31,Jefferson,Nebraska,NE,7925,44.9,33.2,81.2,24,21.6,19.9,7.4,137.3
31,Keith,Nebraska,NE,8330,46.6,26.2,75.3,23.6,24.5,22.6,7.7,182.4
31,Lancaster,Nebraska,NE,264814,49.1,22.8,78.8,21.3,20.6,20.6,5.4,113.5
31,Lincoln,Nebraska,NE,35636,46,22.7,82.8,23.4,26.1,20.9,6.7,142.2
31,Madison,Nebraska,NE,35488,61.2,24.1,82.5,18.5,23.8,20.2,5.8,174.8
31,Otoe,Nebraska,NE,15509,59,25,82.1,25.1,30.8,17,6.2,111.6
31,Phelps,Nebraska,NE,9449,65.4,28.5,79,30.9,21.5,15.4,4.7,180.9
31,Platte,Nebraska,NE,31262,61,20,84.5,20.7,22,16.8,5.7,99.3
31,Red Willow,Nebraska,NE,11060,48.9,25.5,79.5,21.6,22.6,22.2,6.8,106
31,Saline,Nebraska,NE,14195,66,22.9,82.1,28.1,24.1,18.5,6.2,148.4
31,Sarpy,Nebraska,NE,139371,69.2,18.9,81.2,25,20.3,19.9,5.4,144.2
31,Saunders,Nebraska,NE,20458,74.2,26.1,81.2,23.6,23.3,18.8,7.4,102.9
31,Scotts Bluff,Nebraska,NE,36752,54.4,25.1,77.2,26.1,25.5,22.1,8.8,141.8
31,Seward,Nebraska,NE,16739,42.7,20.4,77,21.7,21.5,15,6.4,205.9
31,Washington,Nebraska,NE,19772,61.6,20.6,86.4,28.4,20.7,19,6.8,122.8
31,Wayne,Nebraska,NE,9211,46.5,21.9,79.7,21.3,22.4,20.7,5,149.2
31,York,Nebraska,NE,14397,58.6,16.8,71.8,29,29.9,18.1,6.1,193.9
32,Churchill,Nevada,NV,24556,67.4,21.6,79,20.9,29,28,5.9,171
32,Clark,Nevada,NV,1710551,56.7,25.6,78.3,21.6,24.8,25.7,7,153.1
32,Douglas,Nevada,NV,47017,42.4,15.5,76.7,15.6,28.5,22.1,5.3,128.2
32,Elko,Nevada,NV,45570,37.6,25.4,85.4,23.2,23.3,26.5,5,113.6
32,Humboldt,Nevada,NV,17129,46.3,20.9,79.3,22.1,18.2,24.1,5.8,182.7
32,Lyon,Nevada,NV,47515,56.4,24.7,83.9,22.5,34.5,30.1,7.9,165.8
32,Nye,Nevada,NV,40477,49.9,28.3,78.6,27.7,32.6,28,9.5,140.3
32,Washoe,Nevada,NV,389872,55.3,18.6,77.9,18,23.4,22.2,5.6,194.6
32,Carson City,Nevada,NV,56062,67,25.9,77.1,19.1,20.7,23.5,5.8,170.3
33,Belknap,New Hampshire,NH,61547,67.8,21,74.3,19.8,25.6,22.7,6.4,193.1
33,Carroll,New Hampshire,NH,47439,52,20.5,69.3,16.3,26.3,21.8,6.8,156
33,Cheshire,New Hampshire,NH,77287,52,17.9,71,21.3,24.5,23.3,6.5,205.1
33,Coos,New Hampshire,NH,33655,44.4,28,73.1,23.6,28.7,27.9,7.3,221.2
33,Grafton,New Hampshire,NH,84708,46.4,17.8,68.6,20.4,22.1,18.8,5.6,167.1
33,Hillsborough,New Hampshire,NH,401291,41.6,21.3,73.6,20.5,22,21.5,5.8,182.3
33,Merrimack,New Hampshire,NH,146881,54,19.6,70.3,20,23.3,21.2,6.2,177.2
33,Rockingham,New Hampshire,NH,295076,50.1,20,71.7,21.1,22.2,21.5,5.8,156.7
33,Strafford,New Hampshire,NH,119015,55.7,22.5,70.3,20.2,26.1,23,6.4,169.5
33,Sullivan,New Hampshire,NH,43041,44.7,20.1,72.9,21.8,25.2,25.1,6,178.1
34,Atlantic,New Jersey,NJ,271015,52.8,29.3,73.3,25.8,28.7,24.5,9.3,228.4
34,Bergen,New Jersey,NJ,902561,39.4,23,71.8,16.2,26.4,16.6,5.6,162.5
34,Burlington,New Jersey,NJ,450743,48,25.2,72.7,21.8,24.6,21.1,7.1,191.5
34,Camden,New Jersey,NJ,518249,51,28.5,76.6,24.1,26.8,23.3,7,197.1
34,Cape May,New Jersey,NJ,99286,47.6,27.3,68.9,19.9,34.2,24.1,9.5,201.8
34,Essex,New Jersey,NJ,791057,45.1,30.6,70.6,25.2,26.9,17.8,7.8,192.8
34,Gloucester,New Jersey,NJ,276910,51.2,24.5,76.1,22.4,25.8,22.8,8.1,200.4
34,Hudson,New Jersey,NJ,603521,39.7,33.7,75.9,21.2,24.2,20.3,6.3,204.1
34,Hunterdon,New Jersey,NJ,130404,43.4,16.2,75.1,15.6,22.1,15.3,5.8,127.8
34,Mercer,New Jersey,NJ,366256,45.6,24.1,72.3,19.7,27.2,17,6.8,174.7
34,Middlesex,New Jersey,NJ,789516,36.6,25.1,75.6,19.1,24.2,17.1,7.1,179
34,Monmouth,New Jersey,NJ,635952,45.9,22.1,72.5,17.1,25.2,20.3,5.5,184.7
34,Morris,New Jersey,NJ,490593,43.1,20.5,72.2,16.3,23.5,15.8,5.4,162.3
34,Ocean,New Jersey,NJ,558341,37.2,28.4,70.7,22.8,29.3,21.5,8,199.5
34,Passaic,New Jersey,NJ,499060,46.6,31.2,75.3,21,24.8,19.1,6.9,187.8
34,Salem,New Jersey,NJ,66346,59.9,36.3,78.9,26.8,28.8,24,7.1,224.9
34,Somerset,New Jersey,NJ,319900,41.5,19.3,73.7,17.1,24.2,15.2,4.7,155
34,Sussex,New Jersey,NJ,153130,42.7,23,70.8,22.5,25.6,23.2,5.3,204.3
34,Union,New Jersey,NJ,531457,42.7,28.1,72.6,20.7,25.8,19.2,7.5,174.7
34,Warren,New Jersey,NJ,110376,40.5,26.3,69.4,24.5,24.8,19.3,6.7,195.1
35,Bernalillo,New Mexico,NM,603562,48.6,18.9,78.1,17.5,20.2,21,5.4,137.6
35,Chaves,New Mexico,NM,61860,52.2,30.2,81.1,24.1,27.2,23.9,9.4,176.1
35,Cibola,New Mexico,NM,27620,47.9,28.3,82.9,26.6,17.5,23.7,10.5,123.4
35,Colfax,New Mexico,NM,13755,40,24.5,80.6,20.4,21.4,21.5,8.4,160.7
35,Dona Ana,New Mexico,NM,189444,41.5,27.7,81.1,22.6,19.9,18.3,6.9,161.7
35,Eddy,New Mexico,NM,51437,50.7,30.7,80.9,29.9,27.4,25.2,9.4,209
35,Grant,New Mexico,NM,29747,51.2,23.4,76.1,20.2,26.5,20.3,9,131.2
35,Lea,New Mexico,NM,56719,69.9,34.6,78.6,27.5,22.4,29,7.3,216.4
35,Lincoln,New Mexico,NM,21007,43.3,22.8,77.3,15.6,30.5,22.8,6.7,140.1
35,Luna,New Mexico,NM,26498,43,35.9,81,25.3,31.7,22.3,9.3,222
35,McKinley,New Mexico,NM,71918,38.6,22.4,72,26.8,17.9,17,10.4,120.9
35,Otero,New Mexico,NM,63538,49,22,77.7,24.8,23.2,25.2,8.4,207.4
35,Quay,New Mexico,NM,9259,51.9,35.3,78.7,24.8,24.3,27.7,6.7,235.2
35,Rio Arriba,New Mexico,NM,40828,42.8,28.3,78.9,19.7,16.8,25.4,7.7,157.6
35,Roosevelt,New Mexico,NM,18238,39.1,33.8,81.4,20.5,22.5,24.1,6.8,207.4
35,Sandoval,New Mexico,NM,107460,43.7,21.7,78.3,22.9,21.2,20,6,110.6
35,San Juan,New Mexico,NM,126208,42.7,21.6,77.6,22.3,21.7,23.5,5.9,144.3
35,San Miguel,New Mexico,NM,29530,39.7,26.7,81.8,21.5,19.1,26.5,7,169.6
35,Socorro,New Mexico,NM,18148,52.8,27.8,77.8,19.8,27,25.4,10.4,152.7
35,Taos,New Mexico,NM,31722,39,21,72.1,17.7,21.1,20.3,5.8,99.3
35,Valencia,New Mexico,NM,69417,50.8,27.7,79.8,22,22.3,24.9,6.2,152.6
36,Albany,New York,NY,297414,43.8,25.9,69.7,20,28.8,21.9,6.8,212.1
36,Broome,New York,NY,196947,54.8,20.9,76.5,23.2,31.7,25.9,8.8,172.3
36,Chautauqua,New York,NY,136409,46,25.8,76.1,25.8,30.4,24.3,7.1,206.7
36,Chemung,New York,NY,89512,57.8,23.8,79,27.9,29.8,25.9,9.2,175.7
36,Clinton,New York,NY,82047,53.1,26.6,71.9,22,24.8,24.4,6.6,228.9
36,Dutchess,New York,NY,294849,47.2,23.6,73.2,20.8,26,21.7,8.2,196.7
36,Erie,New York,NY,930703,54.8,23.9,73.7,23.9,26.3,22.7,8.1,202.8
36,Genesee,New York,NY,59257,45.2,26.7,74.6,17.3,21.3,24.2,9,210.4
36,Monroe,New York,NY,733366,53.3,23.6,72.6,22.2,26.1,22.2,7.3,158.4
36,Niagara,New York,NY,217008,58.7,24.4,75.5,25.4,27.8,26.5,7.1,249.6
36,Oneida,New York,NY,234105,56.2,23.4,74.4,21.1,34.1,23.3,7.4,189.3
36,Onondaga,New York,NY,458053,52.5,22.5,72.3,22.8,26.4,21.7,6.4,154.4
36,Ontario,New York,NY,104461,47.5,16.9,68.5,19.3,21.3,16.1,6.2,172.5
36,Orange,New York,NY,372893,39.5,25.4,75.9,23.9,28.1,23.2,6.5,199.1
36,Oswego,New York,NY,123373,57.6,25.7,82.8,26.6,20.3,32.1,5.8,213.3
36,Rensselaer,New York,NY,155251,50.5,20.4,74.2,23,33.2,25.1,9.8,200.3
36,Rockland,New York,NY,292916,42,28.1,71.4,18.1,28.6,17.8,8.7,227.9
36,St. Lawrence,New York,NY,111380,54.1,25.8,74.2,25,32.1,25.2,10.6,185.2
36,Saratoga,New York,NY,214859,43.3,18.4,76.4,20.4,22.6,23.4,6.5,163.6
36,Suffolk,New York,NY,1474927,38.3,27.5,73.7,19.8,25.2,20.9,6.3,236.8
36,Sullivan,New York,NY,76539,41.6,25.2,76.7,22.6,24.5,30.9,9.7,246.3
36,Ulster,New York,NY,182693,45.9,21.4,71.6,22.7,30.6,23.2,9.5,193.4
36,Wayne,New York,NY,93609,57.4,28.5,69.8,24.9,25.6,29.6,8.1,160.6
37,Alamance,North Carolina,NC,140533,70.3,25.5,81.1,25.1,27.9,30.2,9.1,152.6
37,Ashe,North Carolina,NC,25347,65.6,30.3,72.4,20.7,28.1,28.4,7.6,179.1
37,Brunswick,North Carolina,NC,89162,58.4,25.9,75.1,25.8,24,28.7,9.8,179.2
37,Buncombe,North Carolina,NC,218876,59.4,22.8,72.3,21.6,26.4,25.1,6.9,157.2
37,Burke,North Carolina,NC,89399,72.9,25.5,78.4,26.5,26,33.5,7,174.2
37,Cabarrus,North Carolina,NC,150244,65.7,27.9,73.7,25.1,23.8,23.4,10.9,157.5
37,Caldwell,North Carolina,NC,79122,74.7,31.1,84.6,27.8,36.9,24.7,10.3,190.7
37,Carteret,North Carolina,NC,62525,69.4,24.9,76,24.5,29.8,21.6,8.3,200.8
37,Catawba,North Carolina,NC,151641,67.7,26.8,83.1,24.6,30.7,22.4,7.1,146.3
37,Craven,North Carolina,NC,90795,71.3,20.9,73.9,22.5,28,22.4,9,173.6
37,Cumberland,North Carolina,NC,304520,64,24.6,80,23.5,30.7,27.7,7.2,235.4
37,Dare,North Carolina,NC,33903,55.4,19.7,74.7,15.9,24.7,30,6.2,123.6
37,Davidson,North Carolina,NC,154623,70,32.2,80.4,26.6,28.2,27.1,10,210.3
37,Forsyth,North Carolina,NC,325967,71.2,21.6,73.9,23,29.1,23.9,7.1,132.7
37,Guilford,North Carolina,NC,443519,63.8,23.7,74.7,22.1,28.5,21.2,8.2,146.1
37,Harnett,North Carolina,NC,103692,75.3,26.2,75.2,26.5,23.6,26.8,7.3,202.3
37,Haywood,North Carolina,NC,56482,57,31.6,70.8,23.7,36.9,30.4,8.6,137.5
37,Henderson,North Carolina,NC,97217,52.6,23.8,71.6,19.6,28,23.6,6.1,129.1
37,Iredell,North Carolina,NC,140924,66.7,25.2,78.4,24.3,28.8,27.2,6.4,172.5
37,Johnston,North Carolina,NC,146437,62.7,31.9,76.5,25.1,24.2,26,7.9,235.5
37,Lee,North Carolina,NC,55704,65.4,30.6,79.8,23.8,33.5,26.5,8,203
37,Mecklenburg,North Carolina,NC,796372,64.8,22.2,77.5,20.4,24,18.6,5.3,133.9
37,New Hanover,North Carolina,NC,179553,66.6,20.4,75.9,20.9,26.1,21.7,7.3,155.5
37,Onslow,North Carolina,NC,152440,56.7,23.1,68.8,19,20.4,33,5.1,191.4
37,Pitt,North Carolina,NC,142570,71.6,26.1,83.9,25.4,27.6,24.7,8.6,185.2
37,Randolph,North Carolina,NC,138367,67.2,26.7,77,24.7,25.3,26.7,6.3,167.6
37,Rowan,North Carolina,NC,135099,59.1,33.2,80.6,25.1,36.6,28.9,10.6,212.9
37,Rutherford,North Carolina,NC,63771,75.8,30.7,72.4,19.4,28,20.6,5.3,211.4
37,Stanly,North Carolina,NC,58964,77.9,24.9,72.9,20.9,21.3,24.7,8.4,252
37,Surry,North Carolina,NC,72601,73.2,35.5,81.2,26.2,33.1,30.8,9.1,182.3
37,Union,North Carolina,NC,162929,66.8,24.8,75,28.8,24.7,22.2,4.3,182.1
37,Wake,North Carolina,NC,748815,72.2,18.1,77.4,19.4,19.9,17.7,4.9,145.2
37,Wayne,North Carolina,NC,114448,69.9,32.1,80.3,25,36,30,11.7,212.3
37,Wilkes,North Carolina,NC,67390,85.8,29.6,74.5,23.1,31.4,23.7,9.8,166
37,Yadkin,North Carolina,NC,37668,72.9,34.8,76.6,22.9,22.3,30.8,7.6,182.2
38,Barnes,North Dakota,ND,11075,69.5,21.9,73.9,24.7,32.2,20.4,5.4,165.9
38,Bottineau,North Dakota,ND,6741,66,25.5,79.1,22.9,31,21.7,3.1,165.3
38,Burleigh,North Dakota,ND,73818,59,18.2,79.8,20.9,19.5,19.3,5.3,154.2
38,Cass,North Dakota,ND,131019,56.5,18.9,80.2,20.9,20.2,21.3,4.9,140.5
38,Dickey,North Dakota,ND,5487,44.4,35.2,77.8,20.6,25.3,14,7.1,187.6
38,Grand Forks,North Dakota,ND,65940,56.6,18.8,78.1,20.7,19.1,20.5,5,165.8
38,McKenzie,North Dakota,ND,5594,57.3,28,73.3,31.8,27.5,27.5,6.7,173.9
38,McLean,North Dakota,ND,8604,53.5,29.6,77.5,25.8,27.5,20.1,7.1,212
38,Mercer,North Dakota,ND,8364,56.7,21.4,77.5,28.7,21.6,24,5.7,171
38,Morton,North Dakota,ND,25528,66.7,23.9,79.3,25.6,26.8,22.8,5.5,135.2
38,Pembina,North Dakota,ND,8038,66.5,25.8,72,24.2,27.7,16.7,8,170.9
38,Pierce,North Dakota,ND,4291,50.6,26.4,86.1,22.2,30.4,21.8,8.2,137.1
38,Ramsey,North Dakota,ND,11429,80.9,24,80.3,25.8,23.1,24.5,7.2,230.4
38,Ransom,North Dakota,ND,5810,68.6,28.4,73.9,24.2,30.8,21,6.6,173.2
38,Richland,North Dakota,ND,17340,69.6,23.9,78.2,24.8,23,23,3.7,187.8
38,Sargent,North Dakota,ND,4150,47,31.7,74,23.2,25.8,21.2,4.6,155.8
38,Stark,North Dakota,ND,22073,58.8,18.4,75.4,22.6,23.3,19.5,4.5,188.1
38,Stutsman,North Dakota,ND,20835,66.3,22.8,78.4,25.6,31.2,19.6,7.8,167.2
38,Traill,North Dakota,ND,8321,73.8,21.1,79.3,27.9,18.1,14.3,6.4,203.8
38,Walsh,North Dakota,ND,11607,64.5,25.9,78.1,19.3,27.7,24.9,8.5,247
38,Ward,North Dakota,ND,55767,69.8,21.6,78.4,22.5,22.4,22.2,5.6,173.5
38,Wells,North Dakota,ND,4574,48.9,27.6,73.6,29.1,33.1,14.1,6.4,215.7
38,Williams,North Dakota,ND,19282,55.5,21.4,77.8,24.3,26.7,24.9,5,169.1
39,Butler,Ohio,OH,350412,59.5,23.2,76.6,28.8,24.5,25.2,6.8,173.2
39,Clermont,Ohio,OH,190589,57.5,20,74.6,22.4,20.1,24,4.1,162.5
39,Columbiana,Ohio,OH,110928,53.6,28.4,76.9,19.2,22.3,27.8,7.1,197.9
39,Cuyahoga,Ohio,OH,1335317,49.6,24.6,77.3,23.6,26,23.9,7.5,238.6
39,Fairfield,Ohio,OH,138423,62.1,22.4,75,23.5,27.5,21.3,8.3,145.1
39,Franklin,Ohio,OH,1090771,62.1,23,76.7,23.3,22.9,24.4,6.2,168.8
39,Greene,Ohio,OH,151996,67,19.5,72.8,22.6,21.2,20.4,8.5,175.2
39,Hamilton,Ohio,OH,806652,62.8,23,73.5,22.5,24.7,22.6,7.6,161.8
39,Lake,Ohio,OH,232466,44.8,23.9,80,15.8,19.5,32.8,8.1,223.8
39,Licking,Ohio,OH,154806,60.1,26.5,77.7,27.9,25.2,28.7,9.3,149.7
39,Lorain,Ohio,OH,296307,59,27.2,78.6,25.8,26.7,26.7,6.8,178.8
39,Lucas,Ohio,OH,448229,58.6,26.6,79.8,25.9,23.4,27.7,8.6,244.4
39,Mahoning,Ohio,OH,254274,51.9,27.5,78.1,22.5,25.3,23.1,7.4,188.8
39,Medina,Ohio,OH,167010,56.6,21,74,21.3,20.6,21.4,6.5,166.6
39,Miami,Ohio,OH,101619,59.5,16.3,77.1,29.7,24.1,22,6.8,199.9
39,Montgomery,Ohio,OH,547435,58.7,25,76.6,24.2,25.7,22.5,8,185.9
39,Portage,Ohio,OH,155631,58.8,16.6,77.1,21.7,21.1,24.1,4.6,162.3
39,Richland,Ohio,OH,127949,54.8,27,77.2,22.4,25.3,23.6,6.4,163.1
39,Stark,Ohio,OH,380608,59.5,29.6,77.1,22.8,27.1,24.4,8.1,172.4
39,Summit,Ohio,OH,546604,61.6,24.9,77,21,24.1,28,6.9,158.7
39,Trumbull,Ohio,OH,219296,51,25.8,79.1,30.1,32.4,25,7.8,190.7
39,Warren,Ohio,OH,196622,66.7,19.3,72.5,19.2,20.3,19.4,6.2,181.9
39,Washington,Ohio,OH,62210,49.5,26.5,75.5,19.9,23.7,32.7,9.5,199.8
39,Wayne,Ohio,OH,113697,61.2,29.7,80.4,24.3,22.5,26,9.2,173
39,Wood,Ohio,OH,123929,58,23.4,83.1,24,24.2,17.4,5.9,202
40,Canadian,Oklahoma,OK,98701,72,25.1,84.3,21.7,24.2,26.4,5.8,223.8
40,Cherokee,Oklahoma,OK,44671,70.7,33.2,83.9,26.1,30.6,25.8,8.9,227.8
40,Choctaw,Oklahoma,OK,15297,55,35.9,81.4,22.3,32.5,29.6,7.6,266
40,Cleveland,Oklahoma,OK,224898,71.7,23.4,84.4,20,24.1,23.1,4.7,216.2
40,Creek,Oklahoma,OK,68708,72,34.7,84.8,26.7,32.6,25.2,6.6,268.3
40,Custer,Oklahoma,OK,25208,61.7,28.7,81.7,24.3,29.6,22.7,7.2,253
40,Garfield,Oklahoma,OK,56958,76.3,28,84.5,28.8,27.7,26.5,7,178.3
40,Garvin,Oklahoma,OK,27228,48.7,35.5,81.3,25,34.6,27,10.8,231.9
40,Grady,Oklahoma,OK,49369,67.4,29.6,83.9,26.7,26.5,21.4,6.9,253
40,Kay,Oklahoma,OK,46480,68.1,29.9,83.3,25.4,30.6,25.6,9.5,239.8
40,Kingfisher,Oklahoma,OK,14302,64.2,29.1,75.4,27,31.2,22,5,233.8
40,Lincoln,Oklahoma,OK,32311,65.1,34.9,82.7,30.8,30.5,29.6,9,248.4
40,McClain,Oklahoma,OK,30096,69.1,28.2,82.2,25.7,27.4,22.8,6.9,247.5
40,Muskogee,Oklahoma,OK,70607,53,36.1,85.9,28,33.6,26.8,9.2,241.2
40,Oklahoma,Oklahoma,OK,684543,76.3,30.6,83.9,22.8,25.5,24.2,7,214.8
40,Ottawa,Oklahoma,OK,32866,74.3,32.1,83.2,25.3,33.3,30.6,10.8,262.2
40,Payne,Oklahoma,OK,69151,57.8,23.3,85,21.2,24.2,19.5,6,200.3
40,Pottawatomie,Oklahoma,OK,68272,78.2,31.7,83.7,27,27.7,29.8,9.5,228.6
40,Seminole,Oklahoma,OK,24770,68.6,35,82.4,31.2,34.8,33.7,8.6,264.4
40,Sequoyah,Oklahoma,OK,40868,88.1,33.1,84.8,27.7,36.5,26.8,10.2,254.7
40,Stephens,Oklahoma,OK,42946,69.4,36.6,86.3,28.3,32.3,23.2,10.2,258.5
40,Texas,Oklahoma,OK,20112,47.2,30.4,84,20.6,21,24.8,5.5,205.6
40,Tulsa,Oklahoma,OK,572059,62.5,27.6,83.7,22.1,26.8,23,6.9,241.7
40,Washington,Oklahoma,OK,49149,56.7,29.6,77.9,20.1,33.8,24.9,9.9,185.1
40,Woodward,Oklahoma,OK,19088,61,28,84.1,29.8,30.8,26.7,9,255.7
41,Clackamas,Oregon,OR,368470,71.2,15.8,74.3,20.6,22,18.9,4.5,126.9
41,Clatsop,Oregon,OR,36798,75.2,15.6,75.4,22.6,21.7,26.8,7.7,183.1
41,Columbia,Oregon,OR,48065,69.3,16.7,77.6,28.7,31.2,23.3,7.7,154.1
41,Coos,Oregon,OR,64711,66.8,21.8,73,23.1,32,25.3,9.4,170.4
41,Deschutes,Oregon,OR,141382,65.2,13.9,75,16.4,22.2,15.5,4.5,126.7
41,Douglas,Oregon,OR,104202,63.1,23.1,79.3,27.5,34,27.5,7.8,138.6
41,Jackson,Oregon,OR,195322,65.9,16.5,75,21.5,26.8,21.8,7.4,128.8
41,Jefferson,Oregon,OR,20100,83.9,26.8,76.4,30.5,27.2,22,10.4,181.3
41,Josephine,Oregon,OR,80761,66.9,20.7,72.6,23,28,27.1,7.4,169.7
41,Klamath,Oregon,OR,66192,66.9,23.6,76.2,24.2,29.8,24.7,7.1,145.2
41,Lane,Oregon,OR,335180,61.9,17.5,75.7,22.5,24.7,20.5,5.9,109.9
41,Lincoln,Oregon,OR,45994,71.7,20.1,79.2,25,32.5,25.3,8.2,130.1
41,Linn,Oregon,OR,108914,66.9,21,75.5,29.9,26.2,21.9,7.8,140.1
41,Malheur,Oregon,OR,31330,61.6,30,78.7,28.1,27.2,15.4,6.3,147.7
41,Marion,Oregon,OR,305265,79.9,20.9,74.9,25.2,24.4,19.3,7.7,132.7
41,Multnomah,Oregon,OR,672906,76.8,16.1,72.6,19.4,21.2,20.9,6,131.4
41,Polk,Oregon,OR,70295,71.2,19.2,73.4,20,23.6,15.5,6.3,117.3
41,Tillamook,Oregon,OR,25277,63.7,22.7,72.8,22.7,28.7,19.9,4.3,163.3
41,Umatilla,Oregon,OR,73878,62.9,25.9,79.6,26.1,28,23.1,7,136.8
41,Union,Oregon,OR,24540,49.2,20,78.6,21,25.3,22.5,5.3,122
41,Wasco,Oregon,OR,23593,76.6,23.6,76,24.6,27.7,21.8,8,167.8
41,Washington,Oregon,OR,499794,64.3,15.5,71.8,19.6,20.2,16.3,5,117.1
41,Yamhill,Oregon,OR,92196,61.7,21.2,73.8,26,21.3,19.4,7,135.8
42,Adams,Pennsylvania,PA,99749,53.6,22.7,73.4,26.5,24.3,21.8,9.1,222.9
42,Allegheny,Pennsylvania,PA,1235841,53.1,23.1,73.6,20.9,26.9,23.8,8.4,197.5
42,Armstrong,Pennsylvania,PA,70586,53.9,31.7,80.9,31.5,29,27.5,11.5,166
42,Beaver,Pennsylvania,PA,177377,43.9,26.4,76,25.7,27.6,24.8,10,191.4
42,Berks,Pennsylvania,PA,396314,59.1,24.4,69.6,25.1,27.6,19,8.6,148.9
42,Blair,Pennsylvania,PA,126795,62.5,25.3,80.3,23.2,27.5,28.4,10.6,213
42,Bucks,Pennsylvania,PA,621342,60.1,21.3,71.9,18.4,24.7,18.2,6.3,139.6
42,Butler,Pennsylvania,PA,182087,51.4,19.8,75.3,25.2,27,19.1,7.4,170.4
42,Cambria,Pennsylvania,PA,148073,44,26.5,81.9,26.1,28,24.7,7.8,177
42,Chester,Pennsylvania,PA,474027,49,17.8,74,15.4,24.9,18.9,6,152.1
42,Clearfield,Pennsylvania,PA,82783,50.3,25.6,78.5,26.6,35.4,21.4,9.6,188.2
42,Crawford,Pennsylvania,PA,89442,60.2,24.4,80.5,25.8,33.2,26,5.8,170.9
42,Cumberland,Pennsylvania,PA,223089,55,21.1,73.8,22,26.3,22.5,7,164
42,Dauphin,Pennsylvania,PA,253995,46.7,22,77.4,26.9,29.6,24.8,7.4,170.4
42,Delaware,Pennsylvania,PA,555648,60.7,24.5,76.1,24.5,28.5,24,7,169.5
42,Erie,Pennsylvania,PA,280446,53.3,24.8,78.4,21.5,25,29.4,7.9,156.3
42,Fayette,Pennsylvania,PA,146142,52.7,29.5,79.9,29.8,27.6,26.6,8.5,207.8
42,Franklin,Pennsylvania,PA,137409,52.1,22.9,75.2,26,26.6,20.1,6.3,137.6
42,Indiana,Pennsylvania,PA,88703,47.6,22.3,83.7,21.9,23.1,24.3,7.5,173.6
42,Lackawanna,Pennsylvania,PA,209525,49.2,26,72,21.6,32.1,28.8,7.4,201.3
42,Lancaster,Pennsylvania,PA,490562,56.2,24.8,73.9,22.2,21.7,22.1,6.8,143.7
42,Lawrence,Pennsylvania,PA,92809,48.8,29.2,82.9,27,28,26,9.3,205.9
42,Lebanon,Pennsylvania,PA,125578,50.9,22.1,72.5,24.1,21.8,29.1,7.2,176
42,Lehigh,Pennsylvania,PA,330433,41.6,21.6,77.7,25,23.5,26.9,6.4,154.2
42,Luzerne,Pennsylvania,PA,312861,46,26.1,76.1,23.7,30.1,28.7,10.1,235.3
42,Lycoming,Pennsylvania,PA,118395,55.2,22.5,81.9,27.8,29.2,28.7,10.2,175.2
42,Mercer,Pennsylvania,PA,119598,53,25.9,81.8,25.7,25.2,28.6,9.5,179.5
42,Monroe,Pennsylvania,PA,163234,44.5,23.7,72.3,25.9,27.3,23.9,7.3,171.2
42,Montgomery,Pennsylvania,PA,775883,57.1,17.2,73,17.1,26.4,19,6.4,131.3
42,Northampton,Pennsylvania,PA,287767,39.2,22.6,73.4,24.7,28.6,19.8,7.6,156.7
42,Northumberland,Pennsylvania,PA,92610,49.4,23.4,85.1,27.8,27.3,26.1,7.2,211.3
42,Perry,Pennsylvania,PA,44728,54.1,22.6,75.7,28.3,17.5,24.8,7.5,197.6
42,Philadelphia,Pennsylvania,PA,1463281,62.5,28.4,74.5,26.4,30.4,28,8.4,204.3
42,Schuylkill,Pennsylvania,PA,147447,56.5,23.8,84.3,24.5,24.5,24.7,7.7,237.7
42,Somerset,Pennsylvania,PA,78907,50.4,23.1,79.5,21.1,24.8,22.6,3.2,197.2
42,Tioga,Pennsylvania,PA,41649,61.7,27.8,78.3,28,21.7,27.1,6.3,172.5
42,Venango,Pennsylvania,PA,55928,57.2,23.7,79.4,19.3,26.4,29.4,7.4,195.4
42,Washington,Pennsylvania,PA,206406,52.6,28.5,76.6,25.4,29.7,25.5,9,169.7
42,Westmoreland,Pennsylvania,PA,367635,48.3,25.5,75.5,27.5,32.5,23.2,10,186.7
42,York,Pennsylvania,PA,408801,48.5,23.5,75,23.3,24.6,21.3,6.9,161
44,Bristol,Rhode Island,RI,52743,41.2,20.1,69.6,17.2,29.7,17.7,6,181.4
44,Kent,Rhode Island,RI,171590,45.4,24.9,74.1,20.4,28.3,23.5,6.4,209.4
44,Providence,Rhode Island,RI,639653,46,28,73.3,20,26.7,22.4,7,212.5
44,Washington,Rhode Island,RI,128463,38.4,18.8,68.8,17.2,25,19.4,5.4,183.4
45,Aiken,South Carolina,SC,150181,63.7,25.3,77.2,27,35,26.5,10.9,148.2
45,Anderson,South Carolina,SC,175514,60.9,25.7,78.7,26.7,32.3,24.7,9.4,187
45,Beaufort,South Carolina,SC,137849,56.1,17.4,72.9,16.8,30.5,21,7.4,94.1
45,Berkeley,South Carolina,SC,151673,65.5,24.4,79.6,27.4,23.7,25.8,10,141.5
45,Charleston,South Carolina,SC,330368,84,20.7,74,21,25.2,22,8.3,149.2
45,Cherokee,South Carolina,SC,53844,72.4,36.9,81.3,25.7,30.4,27.1,8.4,204.8
45,Chesterfield,South Carolina,SC,43435,65.5,35.5,85.1,27.3,31.1,29.2,9.5,256.4
45,Dillon,South Carolina,SC,30974,81.6,36.9,82.7,28,28.7,25.5,8.5,184.8
45,Florence,South Carolina,SC,131097,84.6,30,80.4,27.4,29.8,26.5,9.7,214
45,Georgetown,South Carolina,SC,60983,77.9,20.8,77.5,24.9,32.7,22.6,6.8,161.2
45,Greenville,South Carolina,SC,407383,62.5,21.5,75.5,21.8,25.7,21.1,7.3,153.8
45,Greenwood,South Carolina,SC,67979,80.4,25.8,74.7,28.4,29.1,20.9,9.2,172.4
45,Horry,South Carolina,SC,226992,64.1,22.3,75.5,25.1,28.6,31.3,7.7,159.4
45,Kershaw,South Carolina,SC,56486,67.9,29.9,82.5,29.3,34.4,31.6,10.6,179.4
45,Lancaster,South Carolina,SC,63113,61.1,30,73,28.5,27.9,24.7,8.4,217.6
45,Laurens,South Carolina,SC,70293,81.9,30.1,80.2,30.8,35.3,28.2,9.8,191.9
45,Lexington,South Carolina,SC,235272,62.8,20.7,75.5,23.1,26.2,25,6.7,156.1
45,Newberry,South Carolina,SC,37250,76.9,34,79,25.4,36,23.5,11.4,135.9
45,Oconee,South Carolina,SC,69577,70.2,22.9,74.1,22.4,30.7,23.5,9.1,154.5
45,Pickens,South Carolina,SC,113575,66.6,26.4,77.1,20.1,25,24.1,7.8,161
45,Richland,South Carolina,SC,340078,63.1,20.1,73.6,22.2,25.5,20.1,7.9,159.3
45,Spartanburg,South Carolina,SC,266809,83.1,27.9,76.8,25.1,28.3,25.3,8.2,170.9
45,York,South Carolina,SC,190097,57.1,23,75.9,22.2,27.1,25.1,7.6,164.6
46,Aurora,South Dakota,SD,2901,59.8,32.1,82.7,24.3,34.1,14.6,7,125.8
46,Beadle,South Dakota,SD,15896,53.6,25.2,81.7,25.1,27.8,20.3,7.7,154.7
46,Bennett,South Dakota,SD,3585,51.3,22.4,80.3,22.7,33.4,28.8,5.1,149.4
46,Bon Homme,South Dakota,SD,7087,48.5,27.9,73.8,22.3,31.4,16,6,199.4
46,Brookings,South Dakota,SD,28121,69.1,19.5,82.3,21.2,17.3,18.2,3.9,160.7
46,Brown,South Dakota,SD,34706,52.7,21.9,82.3,24.9,23.7,20.3,6.7,184.8
46,Brule,South Dakota,SD,5187,48,29.7,78.9,26.1,29.2,18.6,10.2,150.2
46,Butte,South Dakota,SD,9326,58.6,28.1,78.1,25.4,27.5,25,8,210.3
46,Charles Mix,South Dakota,SD,9194,40.2,25.1,80.5,28.7,27.5,21.2,10.1,174.2
46,Clay,South Dakota,SD,12995,60.1,16.3,78.3,22.8,19.9,18.5,3.9,238.7
46,Codington,South Dakota,SD,26010,44.9,23.8,82.1,23,21.7,23.8,5,167.4
46,Custer,South Dakota,SD,7904,59.5,24,76.5,18.7,30.9,20.1,6.7,193.7
46,Davison,South Dakota,SD,18777,60.6,25.5,82.1,20.2,21.4,21.8,6.9,163.7
46,Deuel,South Dakota,SD,4296,39.4,22.4,78.6,21.2,22.6,16.7,7.7,157.7
46,Douglas,South Dakota,SD,3309,38.9,32.9,81.7,18.7,23.3,17,6.2,128.9
46,Fall River,South Dakota,SD,7355,65.7,22.8,77.9,25,34.4,19.7,10.9,223.2
46,Grant,South Dakota,SD,7384,82.3,28.6,75,25,31.4,16.5,7,167.5
46,Gregory,South Dakota,SD,4290,50.7,31.7,81.6,26.3,31.5,17.2,8.5,182.3
46,Hamlin,South Dakota,SD,5707,58.6,24.5,77.7,23.4,23.8,23.3,5.1,156.6
46,Hughes,South Dakota,SD,16875,55.8,19.7,80.3,23.9,27.7,17.3,6.8,142.1
46,Hutchinson,South Dakota,SD,7581,61.4,28.2,73.9,21.9,25,13.1,5.7,193
46,Kingsbury,South Dakota,SD,5532,65,37.5,82.2,30.3,34.4,17.3,7.4,195.5
46,Lake,South Dakota,SD,11039,66.8,25.6,83.7,23.5,25.1,22.5,5.6,171.1
46,Lincoln,South Dakota,SD,33381,47.9,19.8,83.9,18.9,18.7,20.6,4.3,171.9
46,Lyman,South Dakota,SD,3919,53.7,31.1,74,29.3,17.5,30.4,7.2,133.5
46,McCook,South Dakota,SD,5930,52.3,23.1,81,22.9,24.2,15.9,6.2,241.7
46,Marshall,South Dakota,SD,4418,78,33.2,80,31.1,32.4,20,7.4,177.7
46,Meade,South Dakota,SD,24623,50.2,20.5,83.2,21.5,26.3,22.3,5,145.2
46,Minnehaha,South Dakota,SD,160087,61.3,20,82.1,21.7,22.6,22.3,5.3,143.8
46,Moody,South Dakota,SD,6637,35.5,21.2,77.5,25.8,25.7,22.5,8.8,264.4
46,Pennington,South Dakota,SD,93580,46.3,20.2,77.8,19,23.8,23.2,5.4,156.9
46,Perkins,South Dakota,SD,3023,56.6,31.8,78,21.3,28.2,13.7,7.4,144.7
46,Potter,South Dakota,SD,2351,46.5,31.8,80.1,22.2,28.2,23.1,9.6,147.5
46,Roberts,South Dakota,SD,10044,51.7,31.1,80.1,26.9,30.7,27.6,9,265.6
46,Spink,South Dakota,SD,6899,64.9,26.1,78.5,27.8,31.8,19.1,8.6,179.9
46,Stanley,South Dakota,SD,2829,49.2,26,84.9,25.3,31.1,19.1,8.7,129.3
46,Tripp,South Dakota,SD,6065,59,30.7,79.7,29.4,23.4,18.9,7.1,196.2
46,Turner,South Dakota,SD,8520,68,25,81.8,19.6,23.1,25.4,5.7,188.3
46,Union,South Dakota,SD,13462,39,23.1,83.1,23.7,23.8,18.3,5.7,240.7
46,Yankton,South Dakota,SD,21718,64.2,21.3,76.4,23,26.2,21.1,7.4,173.8
47,Bradley,Tennessee,TN,92092,60.1,31.6,77.2,28.9,30.9,20.4,10.3,246.9
47,Coffee,Tennessee,TN,50869,71.7,33.9,74.4,21.4,36.7,22.6,9.5,233.1
47,Cumberland,Tennessee,TN,51346,52.2,28.5,71.8,28.7,34.4,24.9,7.5,234.1
47,Davidson,Tennessee,TN,575261,70,27.9,69.6,23.4,27,22.4,7.5,207.4
47,Knox,Tennessee,TN,404972,58.8,25.6,69.3,22.4,25.7,23.5,9,188.3
47,Madison,Tennessee,TN,94916,85.5,30.3,68.6,30.3,28.1,19.5,7.4,195.9
47,Montgomery,Tennessee,TN,147202,73.7,24.7,68.3,20,25.2,27.1,6.6,189.9
47,Putnam,Tennessee,TN,66580,79.4,26.2,69.9,20.1,27.2,28.9,6.6,219
47,Roane,Tennessee,TN,52889,64.4,34.9,75.7,25.5,36.4,23.9,10.1,227
47,Rutherford,Tennessee,TN,218292,71,26.6,68.4,25.1,26.9,24.6,7.3,233.2
47,Shelby,Tennessee,TN,909035,79.2,32,72.1,27.8,28.6,21.3,7.7,252.4
47,Sumner,Tennessee,TN,145009,74.6,28.9,69.1,21.8,24.6,28.4,9.1,203
47,Washington,Tennessee,TN,112507,67.6,34.5,74.1,21.3,27.8,27.6,8.1,231.6
47,Wilson,Tennessee,TN,100508,77.3,22.6,71.6,24,27.5,29.1,7.1,189.6
48,Bell,Texas,TX,256057,51.4,27.3,76.4,25.3,20,31,7.9,213.4
48,Bexar,Texas,TX,1518370,61.9,26.1,77.9,30.6,25.5,19.5,9.1,198.5
48,Brazoria,Texas,TX,278484,63.3,25.2,76.4,32,25.3,22.8,3.8,184
48,Brazos,Texas,TX,156305,71.8,20.4,77.1,19.1,25.6,16.1,3.5,181.5
48,Collin,Texas,TX,659457,56.2,17.1,79.7,20.7,20.5,15,3.3,157.4
48,Dallas,Texas,TX,2305454,63,27.8,76.2,22.5,25.1,20,6.6,200.7
48,Denton,Texas,TX,554642,63.2,22.2,80.1,23.3,17.3,17.3,4.6,167.7
48,Ellis,Texas,TX,133474,72,24.4,74.8,23.9,21.8,25.5,6.1,222
48,El Paso,Texas,TX,721598,44.5,24.4,77.4,23.6,19.3,18.7,8.1,158.1
48,Galveston,Texas,TX,277563,65.6,24.9,79,28.6,28.4,27.4,9.3,197.7
48,Gregg,Texas,TX,115649,77.3,27.9,77,24.1,28.9,25.2,9.3,205.6
48,Harris,Texas,TX,3693050,71.4,26.5,74.7,22.6,22.2,18.8,5.9,193.2
48,Hays,Texas,TX,124432,73.9,19.7,78.8,26.1,19.4,17.4,7,137.2
48,Hidalgo,Texas,TX,678275,36.7,33.6,78,31.1,18.7,15.7,7.1,175.3
48,Jefferson,Texas,TX,247571,67.7,35.7,75.3,30.3,35.5,20.5,11.1,209.6
48,Lubbock,Texas,TX,252284,57.2,26.7,75.6,25.5,32.1,24.7,8.4,177.3
48,McLennan,Texas,TX,224668,65.9,26,72.9,26.2,29.2,22.2,7.2,181.5
48,Montgomery,Texas,TX,378033,50.3,23.1,78.3,24.9,22.3,17.1,7.4,210.1
48,Nueces,Texas,TX,319704,62.5,28.6,76.8,30.9,28.6,23.8,9.4,176.4
48,Parker,Texas,TX,102801,79.4,26.5,70.8,23.8,18.7,22.5,7.5,224.6
48,Potter,Texas,TX,119852,65.8,30.6,82,17.8,24,26.7,8.3,202.2
48,Randall,Texas,TX,110053,57.5,23.7,79.4,30.7,27.1,22.7,7.8,149.2
48,Smith,Texas,TX,190594,58.8,33.2,78,28.1,27.7,21,9.6,197.5
48,Tarrant,Texas,TX,1620479,77.3,24.9,77.2,22.6,25.2,21.2,6.9,205.5
48,Taylor,Texas,TX,125039,74.7,22.8,79.5,27,30.8,23,9.9,200.3
48,Travis,Texas,TX,888185,58.7,19.2,73.1,18.7,16.3,19.6,5.8,149.3
48,Wichita,Texas,TX,125894,84,28.8,84.3,26.7,28.9,20.6,7.7,195.5
48,Williamson,Texas,TX,333457,51,22.3,75.8,22.3,19.1,19.9,5.1,129.6
49,Carbon,Utah,UT,19437,62.2,26.3,84.2,22.1,29.1,19.4,6.6,174
49,Duchesne,Utah,UT,15354,57.9,24.9,85.8,24.5,27.4,19.6,5.8,169.8
49,Emery,Utah,UT,10711,58.8,21.5,81.6,23.6,21.7,19.6,5.2,125.5
49,Iron,Utah,UT,38311,57.9,18.3,79.8,17.8,27.9,15.3,5.8,114.8
49,Salt Lake,Utah,UT,948172,54,17.3,78.6,20.1,20.2,13.6,5.2,100.7
49,Sevier,Utah,UT,19386,76.7,24.4,86.4,20.4,23.7,15.5,4.1,173.3
49,Tooele,Utah,UT,51311,52.4,22.4,81.9,25.2,26.5,16.9,7.6,132.7
49,Uintah,Utah,UT,26995,37.9,24.7,81.5,24.5,20.1,20.1,7.1,144.9
49,Weber,Utah,UT,210749,54.4,20.1,81.3,21.8,20,14.6,5.7,116.4
50,Addison,Vermont,VT,36965,50.4,18.6,68.8,19.7,24.8,19.5,5.8,152.9
50,Bennington,Vermont,VT,36999,59.9,21.4,71.4,19.2,25.7,19.5,6.9,127.6
50,Caledonia,Vermont,VT,30440,50.9,21.8,73.2,21.1,25.4,21.4,6,170.8
50,Essex,Vermont,VT,6602,46.1,26,73.9,22.1,19.8,26.2,7.3,223.2
50,Franklin,Vermont,VT,47914,54.9,24.1,76.1,22.6,23.4,24,6.3,240.8
50,Grand Isle,Vermont,VT,7703,47.2,18.4,69.2,21.3,26.9,15.3,4.2,234.1
50,Orange,Vermont,VT,29287,48.8,21.4,69,19.9,23.2,20.6,5.5,182.1
50,Orleans,Vermont,VT,27640,43.6,24.6,72.4,21.5,26.2,22.9,7.5,187.2
50,Rutland,Vermont,VT,63743,61,21.4,74.2,21.6,24.1,22.8,6.3,169
50,Washington,Vermont,VT,59478,59.5,18.5,69.7,19.3,22,20.9,6,147.8
50,Windsor,Vermont,VT,58028,50.6,18.7,68.3,18.4,22.9,19.5,5.1,139.7
51,Augusta,Virginia,VA,69725,65.4,23.5,74.2,27.5,24.4,21.2,5,163
51,Bedford,Virginia,VA,65286,72.7,22,75.2,27.6,26.6,24.3,9.8,124.9
51,Chesterfield,Virginia,VA,288876,63,19.3,72,24.8,25.5,18.1,5.5,141.9
51,Franklin,Virginia,VA,50345,59.1,20.9,83.5,29.2,25,31.2,7.5,153.7
51,Frederick,Virginia,VA,69123,51.8,19.4,70.9,21.2,20.7,23.5,8.6,148.5
51,Hanover,Virginia,VA,97426,57.8,18,72.8,21.7,23.1,25.1,5.8,143.8
51,Henrico,Virginia,VA,280581,67.6,22.2,72.1,22.7,24,17,5.7,129.7
51,Henry,Virginia,VA,56501,69.6,29.7,83.9,22.6,27.3,29.1,8.9,209.4
51,Isle of Wight,Virginia,VA,33417,73.6,22.5,77.8,28.1,22.4,17.4,6.3,189.1
51,Mecklenburg,Virginia,VA,32529,85.3,32.6,84.4,26.4,27.3,24.3,7.4,195.8
51,Montgomery,Virginia,VA,84303,72.3,16.9,77,23.6,17.1,17.9,4.6,176.2
51,Pittsylvania,Virginia,VA,61854,63.8,32,80.1,30.9,32.2,27.3,10.6,192.3
51,Prince William,Virginia,VA,348588,46.7,21.9,71.8,23.5,24,20.6,7.3,125.6
51,Roanoke,Virginia,VA,88172,58.1,20.3,70.3,19.2,30.9,13.2,9.4,140.3
51,Rockingham,Virginia,VA,71251,67,26.5,72.1,20.9,24.2,21.5,4.1,126.7
51,Russell,Virginia,VA,28949,63.5,29.9,76.9,29.8,36.3,28.6,7.7,201.9
51,Spotsylvania,Virginia,VA,116549,47.5,22.7,73.7,21.3,21.8,21.8,6.3,142.5
51,Stafford,Virginia,VA,117874,47.5,21.9,78.7,23.3,23.3,19.2,4.8,146
51,Tazewell,Virginia,VA,44795,58.8,30.9,79.2,25.9,34.5,26.3,8.9,247.1
51,Washington,Virginia,VA,52085,49.1,30.2,77.8,24.1,27.7,24.1,8.9,177.8
51,Chesapeake City,Virginia,VA,218968,66.9,21,78.5,22.7,22.1,22.1,5.5,164.7
51,Hampton City,Virginia,VA,145579,61.8,24.5,75.6,23.8,24.6,21.5,6.9,190.8
51,Newport News City,Virginia,VA,179899,72.2,21.5,75.4,26,24.7,28.5,8.5,185.5
51,Norfolk City,Virginia,VA,231954,69.9,23,75.1,24.9,26.5,21,6.6,190
51,Richmond City,Virginia,VA,193777,78.5,26,69.6,24.8,26.6,26,8.2,169.4
51,Roanoke City,Virginia,VA,92631,68,30.1,77.8,21,28.1,29.4,8.7,177.3
51,Suffolk City,Virginia,VA,78994,77.9,25.8,80.4,26.1,27,17.7,6.9,190.4
51,Virginia Beach City,Virginia,VA,438415,55.9,19.8,75.3,19.5,20.6,21.5,5.1,157.2
53,Benton,Washington,WA,157950,61.9,18.8,78.9,22.9,23.8,19.4,6.7,154.2
53,Chelan,Washington,WA,69791,63.4,21.4,77.7,21.1,27.6,18.7,6.2,163.2
53,Clallam,Washington,WA,69689,71.7,21,73,22.4,27.8,20.4,6.3,141.3
53,Clark,Washington,WA,403766,71.9,16.4,76.2,24.8,24.1,20.2,5.9,151.9
53,Cowlitz,Washington,WA,97325,74.3,19.5,73.4,29.4,28,23.4,8,184.2
53,Douglas,Washington,WA,34977,64.3,19.3,79.6,20.1,24.5,21.2,5.1,140.7
53,Franklin,Washington,WA,63011,82.6,22.8,81.7,21.8,17.9,15,4.8,160.2
53,Grant,Washington,WA,81229,68.6,23.2,79.7,26,30.2,19.4,7.2,193.6
53,Grays Harbor,Washington,WA,70900,72.7,22.6,80.9,29.1,33.8,26.6,11.3,195.5
53,Island,Washington,WA,79252,58.2,13.5,69.4,22.9,21.6,21,5.2,136.4
53,King,Washington,WA,1793583,59.9,14.1,73.8,16.8,21.2,16,5.2,134.2
53,Kitsap,Washington,WA,240661,62.3,14.7,72.9,24.6,25.2,21.1,7.5,158.4
53,Lewis,Washington,WA,72449,77.7,21.6,77.5,27.2,24.2,23,5.6,203.7
53,Mason,Washington,WA,54359,59.1,22.6,75,26,33.9,25.6,10.1,159
53,Okanogan,Washington,WA,39782,64.3,24,69.1,19.8,22.4,22,7.7,158.1
53,Pend Oreille,Washington,WA,12673,75.9,23.7,86.5,21.3,32.2,23.1,8.8,163.9
53,Pierce,Washington,WA,753787,73.5,17.7,77.1,23.9,24.7,22.5,7.2,193.6
53,Skagit,Washington,WA,113171,67.9,15.2,75.3,23.3,28.2,19,6.6,129.2
53,Skamania,Washington,WA,10664,56.5,19.8,81.3,19.7,20.2,19.1,4.1,156.7
53,Snohomish,Washington,WA,655944,66.7,17.1,78.8,22.2,23,21.7,5.5,161.1
53,Spokane,Washington,WA,440706,62.1,18.4,76.3,21.4,24.3,22.3,6.5,157
53,Stevens,Washington,WA,42013,65,25.1,74.8,26.6,33.3,27.6,6.9,207.5
53,Thurston,Washington,WA,228867,59.7,14.6,73.8,23.7,25.9,21.1,6.3,140
53,Walla Walla,Washington,WA,57558,69.5,15.8,79.7,18.9,26.9,14.8,6.7,129.1
53,Whatcom,Washington,WA,183471,61.4,15.3,74,18,26.3,17.9,4.6,141.5
53,Yakima,Washington,WA,231586,66.1,23.8,79.1,26.2,27,20.1,7.9,175.9
54,Berkeley,West Virginia,WV,93394,67.2,30.8,81.9,28.5,25.1,30.4,8,190.3
54,Brooke,West Virginia,WV,24515,55.1,32.8,82.3,28.7,26.7,29.6,11.2,204.9
54,Cabell,West Virginia,WV,94031,77.2,22.5,80.9,25.9,30.4,23.8,9.8,212.2
54,Fayette,West Virginia,WV,46823,50.4,32.2,79,30.4,31.9,28.1,10.5,234.8
54,Greenbrier,West Virginia,WV,35027,77.6,33.1,78.6,28.6,34.5,27,11.4,165.1
54,Hampshire,West Virginia,WV,22025,52.1,21.1,71.4,27.1,31.2,21.6,9.5,225.9
54,Hancock,West Virginia,WV,31350,49.5,28.6,84.8,26.4,20.8,28.9,7.8,248.2
54,Harrison,West Virginia,WV,68369,65.8,27,80.6,26.6,32.4,27,9.5,234.1
54,Jackson,West Virginia,WV,28403,66.9,28.9,79.2,27.8,30.4,29.8,8.4,199.3
54,Jefferson,West Virginia,WV,49206,69.4,22.5,76.1,27,28.8,29.5,10.4,164.9
54,Kanawha,West Virginia,WV,193559,59.6,26.9,77.4,27.5,33.2,25.7,10.3,195.9
54,Marion,West Virginia,WV,56509,43.3,28.4,76.9,25.7,31,23.9,6.5,218.4
54,Marshall,West Virginia,WV,34337,51.9,24.3,81.6,22.7,28.7,30.3,9.5,225.6
54,Monongalia,West Virginia,WV,84386,49.7,18.3,76.9,24.2,23.1,19.4,7.9,166.1
54,Ohio,West Virginia,WV,45112,64.9,22.1,84.4,23.4,28.7,27.4,10.4,218.3
54,Preston,West Virginia,WV,30115,58,25.9,79.3,29.6,27.9,26.2,7.7,263
54,Putnam,West Virginia,WV,54443,59,25.9,83.5,23.7,32.8,23.2,9.5,206.5
54,Raleigh,West Virginia,WV,79167,57.5,30.4,80.7,26.1,36.8,26.3,11.4,232.2
54,Randolph,West Virginia,WV,28571,55.5,32.5,73.5,26.5,36.4,28.4,8.2,236.1
54,Upshur,West Virginia,WV,23712,53,28,82.7,26.2,25.8,29.7,10.7,241.4
54,Wood,West Virginia,WV,87047,60.4,25.9,77.7,25,32.6,26.3,9.8,216.5
55,Barron,Wisconsin,WI,45834,67.9,28.2,79,23.6,23.5,25.9,5.7,157.6
55,Brown,Wisconsin,WI,238987,61.4,18.7,78.1,20.7,23.9,24.1,6.2,157.9
55,Calumet,Wisconsin,WI,44137,52.3,14.5,75.4,22.7,21.6,17,8.6,120.2
55,Chippewa,Wisconsin,WI,59950,60,19.2,75.9,20.6,27,23,5.6,166.1
55,Columbia,Wisconsin,WI,55364,82.4,23.3,82.2,23.6,23.4,23.8,5,147.9
55,Dane,Wisconsin,WI,458106,57.7,13.3,75.1,18.6,21,18.2,4.2,121.3
55,Dodge,Wisconsin,WI,88103,70,20.3,77.2,27.7,22.4,20.3,6,203.9
55,Douglas,Wisconsin,WI,44208,46.3,19.4,85.7,25.8,24.1,28.1,8.2,155.5
55,Eau Claire,Wisconsin,WI,94089,53.7,13.1,73.7,21.8,22.3,21.6,4.6,122.2
55,Fond du Lac,Wisconsin,WI,99337,64.9,19.2,80.1,25.4,31.3,20.1,7.5,162.7
55,Grant,Wisconsin,WI,49671,68.8,26,83.4,30.3,31.8,26.6,9.1,178.6
55,Green,Wisconsin,WI,35165,77.3,20,81.7,23.2,18.6,20.6,6.2,130.5
55,Jefferson,Wisconsin,WI,79328,53.5,20.3,82,25.5,23.4,24.7,4.9,169.3
55,Kenosha,Wisconsin,WI,160544,67.1,19.4,79.2,26.8,25.6,29.9,4.7,175.4
55,La Crosse,Wisconsin,WI,108958,60.3,15.9,78.2,21.5,19.8,27,4.9,119.7
55,Manitowoc,Wisconsin,WI,81949,59.3,23.1,78.2,27.2,31.6,25.1,6.9,150.6
55,Marathon,Wisconsin,WI,128941,49.5,18.7,75.6,24.4,22.6,17.9,5.6,109.7
55,Marinette,Wisconsin,WI,43406,48.5,21.9,81,29.2,26.1,30.8,10.4,208.2
55,Milwaukee,Wisconsin,WI,921654,58.7,23.1,77.5,21.8,24.2,25.7,6.4,187.3
55,Outagamie,Wisconsin,WI,171006,53,14.6,80.6,23.5,21.6,19.2,5.4,131.7
55,Ozaukee,Wisconsin,WI,86072,55.6,14.3,69.9,17.1,27.1,16.5,3.5,141.7
55,Racine,Wisconsin,WI,195708,60.1,20.4,78.2,22.1,26.7,25.9,7.1,140.4
55,Rock,Wisconsin,WI,157538,49,23.3,79.5,24.4,19.5,26.4,7.5,142.2
55,St. Croix,Wisconsin,WI,77144,68.1,13.6,81.1,25.7,17.6,20.7,4.5,157.1
55,Sauk,Wisconsin,WI,57746,50.3,28.4,75.7,28.4,22.9,22.6,7.3,170.8
55,Shawano,Wisconsin,WI,41335,50.2,23.9,80.9,24.8,31.4,20.5,7.1,230.3
55,Sheboygan,Wisconsin,WI,114610,61.1,18,79.6,21.7,23.8,25.4,5,148.4
55,Walworth,Wisconsin,WI,99844,57.2,17.7,78.3,23.3,26.9,21.4,5.2,165.5
55,Washington,Wisconsin,WI,126158,50.9,17.8,78.1,19.2,21.5,17.9,3.3,139.3
55,Waukesha,Wisconsin,WI,378971,53.1,16.6,73.4,17.6,22.9,16.8,5.2,141.4
55,Waupaca,Wisconsin,WI,52563,81.1,24.3,83.2,26.3,28.9,25.5,5.6,195.8
55,Winnebago,Wisconsin,WI,159482,57.1,19.4,83.4,23.3,24.2,19.7,8.7,138.8
55,Wood,Wisconsin,WI,75234,46.7,22.6,75.7,25.6,27.5,19.7,7.5,122.4
56,Albany,Wyoming,WY,30890,53.6,15,71.7,16.4,17.6,15.5,4.1,138.7
56,Big Horn,Wyoming,WY,11333,60.9,23.7,80.6,21,31.1,21.1,6.5,173.1
56,Campbell,Wyoming,WY,37405,49.6,24.2,82,23.9,19.1,26.5,4.2,137.4
56,Carbon,Wyoming,WY,15331,51.9,24.6,80.6,25.2,31.6,25.6,6.2,216.7
56,Converse,Wyoming,WY,12766,78.2,21.4,80.4,21.7,25,25.5,6.3,132.7
56,Crook,Wyoming,WY,6182,39.6,25.1,82.6,21.9,22.5,24.3,5.4,142.8
56,Fremont,Wyoming,WY,36491,52.8,21.3,76.6,21.4,23,21.6,6.9,163.3
56,Goshen,Wyoming,WY,12243,46.7,25.1,77.5,24,29.7,21,7.4,151.2
56,Hot Springs,Wyoming,WY,4537,37.9,24.4,74.4,28.8,30.9,19.9,7.3,183.6
56,Johnson,Wyoming,WY,7721,78.8,20.5,76.3,18.5,19.8,15.8,6,160.1
56,Laramie,Wyoming,WY,85163,51,20.8,78.7,20.2,21.4,24.9,6.1,139.5
56,Lincoln,Wyoming,WY,15999,52.6,18.9,72.7,21.2,23.7,16.1,4.4,129.2
56,Natrona,Wyoming,WY,69799,56.7,22.5,80.7,20.5,23.1,27.8,6.4,144.8
56,Park,Wyoming,WY,26664,45.4,20.3,78.8,18.2,22.8,17.8,5.3,112.9
56,Platte,Wyoming,WY,8619,47.9,22.8,82.2,22.3,30.1,20.8,6.3,155.5
56,Sheridan,Wyoming,WY,27389,75.3,20.2,77.5,19.4,26.2,22.6,6.9,163.6
56,Sublette,Wyoming,WY,6926,66.8,22.6,81.9,20.7,24.3,15.2,5,139.3
56,Sweetwater,Wyoming,WY,37975,68.8,21.9,80.7,23.6,22.7,27.4,5.3,178.3
56,Uinta,Wyoming,WY,19939,68.1,23.4,83.1,22.7,22.5,21.6,4.8,147.1
56,Washakie,Wyoming,WY,7933,61.4,23.2,78.1,21.1,27.8,19.7,9.4,155.6
56,Weston,Wyoming,WY,6671,47.2,31.3,75.4,24.2,26.7,24.4,5.7,126
